election,stat_area_vintage,gap_reason_code,resolution_state,effective_locality_code,effective_locality_name,pending_ballot_rows,pending_eligible_voters,pending_actual_voters,arcgis_audit_status,arcgis_review_decision
K17,1995,central_ballot_990_locality_only,intentionally_locality_only,1063,מעלות-תרשיחא,1,137,109,,
K17,1995,central_ballot_990_locality_only,intentionally_locality_only,2600,אילת,1,154,9,,
K17,1995,central_ballot_990_locality_only,intentionally_locality_only,3000,ירושלים,1,339,26,,
K17,1995,central_ballot_990_locality_only,intentionally_locality_only,4000,חיפה,1,284,19,,
K17,1995,central_ballot_990_locality_only,intentionally_locality_only,5000,תל אביב -יפו,1,351,18,,
K17,1995,central_ballot_990_locality_only,intentionally_locality_only,6800,קריית אתא,1,106,19,,
K17,1995,central_ballot_990_locality_only,intentionally_locality_only,70,אשדוד,1,213,12,,
K17,1995,central_ballot_990_locality_only,intentionally_locality_only,7000,לוד,1,121,3,,
K17,1995,central_ballot_990_locality_only,intentionally_locality_only,7100,אשקלון,1,140,3,,
K17,1995,central_ballot_990_locality_only,intentionally_locality_only,7400,נתניה,1,117,11,,
K17,1995,central_ballot_990_locality_only,intentionally_locality_only,7600,עכו,1,98,6,,
K17,1995,central_ballot_990_locality_only,intentionally_locality_only,8000,צפת,1,127,29,,
K17,1995,central_ballot_990_locality_only,intentionally_locality_only,9000,באר שבע,1,157,19,,
K17,1995,central_ballot_990_locality_only,intentionally_locality_only,9100,נהרייה,1,110,3,,
K17,1995,entire_locality_omitted_from_official_crosswalk,irreducible_with_current_sources,1292,ג'דיידה-מכר,13,9829,4963,,
K17,1995,entire_locality_omitted_from_official_crosswalk,irreducible_with_current_sources,2720,טירה,18,12472,7235,,
K17,1995,entire_locality_omitted_from_official_crosswalk,irreducible_with_current_sources,2730,טייבה,31,19161,12021,,
K17,1995,entire_locality_omitted_from_official_crosswalk,irreducible_with_current_sources,481,מגאר,16,10926,5041,,
K17,1995,entire_locality_omitted_from_official_crosswalk,irreducible_with_current_sources,499,יפיע,13,8940,3998,,
K17,1995,entire_locality_omitted_from_official_crosswalk,irreducible_with_current_sources,509,כפר כנא,13,9318,6055,,
K17,1995,entire_locality_omitted_from_official_crosswalk,irreducible_with_current_sources,510,כפר מנדא,10,7431,5506,,
K17,1995,entire_locality_omitted_from_official_crosswalk,irreducible_with_current_sources,531,עראבה,15,10636,6649,,
K17,1995,entire_locality_omitted_from_official_crosswalk,irreducible_with_current_sources,542,ריינה,10,7620,3933,,
K17,1995,entire_locality_omitted_from_official_crosswalk,irreducible_with_current_sources,634,כפר קאסם,13,9022,7693,,
K17,1995,entire_locality_omitted_from_official_crosswalk,irreducible_with_current_sources,637,ערערה,13,8914,4580,,
K17,1995,entire_locality_omitted_from_official_crosswalk,irreducible_with_current_sources,638,קלנסווה,11,8950,5553,,
K17,1995,entire_locality_omitted_from_official_crosswalk,irreducible_with_current_sources,654,כפר קרע,13,8398,5445,,
K17,1995,entire_locality_omitted_from_official_crosswalk,irreducible_with_current_sources,7500,סח'נין,20,14413,10598,,
K17,1995,entire_locality_omitted_from_official_crosswalk,irreducible_with_current_sources,8800,שפרעם,26,19978,11626,,
K17,1995,entire_locality_omitted_from_official_crosswalk,irreducible_with_current_sources,8900,טמרה,24,15119,9385,,
K17,1995,historical_composite_municipality_without_stat_area_crosswalk,irreducible_with_current_sources,,באקה אל-גרביה | ג'ת,27,17962,7880,,
K17,1995,historical_composite_municipality_without_stat_area_crosswalk,irreducible_with_current_sources,,בענה | דייר אל-אסד | מג'ד אל-כרום,9,6801,4705,,
K17,1995,historical_composite_municipality_without_stat_area_crosswalk,irreducible_with_current_sources,,דאלית אל-כרמל | עספיא,21,16090,7703,,
K17,1995,locality_absent_from_historical_geography,irreducible_with_current_sources,1137,קריית יערים,2,1514,1062,,
K17,1995,locality_absent_from_historical_geography,irreducible_with_current_sources,1140,מדרשת בן גוריון,1,546,395,,
K17,1995,locality_absent_from_historical_geography,irreducible_with_current_sources,1167,קיסריה,5,3022,1926,,
K17,1995,locality_absent_from_historical_geography,irreducible_with_current_sources,1195,ניצנה (קהילת חינוך),1,341,153,,
K17,1995,locality_absent_from_historical_geography,irreducible_with_current_sources,1243,קציר,2,1532,1017,,
K17,1995,locality_absent_from_historical_geography,irreducible_with_current_sources,1287,שני,1,345,171,,
K17,1995,locality_absent_from_historical_geography,irreducible_with_current_sources,1311,אבשלום,1,131,80,,
K17,1995,locality_absent_from_historical_geography,irreducible_with_current_sources,1314,נווה זיו,1,268,197,,
K17,1995,locality_absent_from_historical_geography,irreducible_with_current_sources,1315,מתן,3,1677,1336,,
K17,1995,locality_absent_from_historical_geography,irreducible_with_current_sources,1317,דמיידה,1,185,128,,
K17,1995,locality_absent_from_historical_geography,irreducible_with_current_sources,1319,בת חפר,4,2893,2108,,
K17,1995,locality_absent_from_historical_geography,irreducible_with_current_sources,1321,ח'ואלד,1,183,120,,
K17,1995,locality_absent_from_historical_geography,irreducible_with_current_sources,1323,בת הדר,1,214,139,,
K17,1995,locality_absent_from_historical_geography,irreducible_with_current_sources,1326,"בסמ""ה",6,4013,1834,,
K17,1995,locality_absent_from_historical_geography,irreducible_with_current_sources,1327,מעלה עירון,11,6356,2820,,
K17,1995,locality_absent_from_historical_geography,irreducible_with_current_sources,1330,אחוזת ברק,1,718,510,,
K17,1995,locality_absent_from_historical_geography,irreducible_with_current_sources,1331,כמאנה,2,703,433,,
K17,1995,locality_absent_from_historical_geography,irreducible_with_current_sources,1332,חוסנייה,1,283,118,,
K17,1995,locality_absent_from_historical_geography,irreducible_with_current_sources,1333,נוף איילון,2,1027,922,,
K17,1995,locality_absent_from_historical_geography,irreducible_with_current_sources,1334,ראס אל-עין,1,135,82,,
K17,1995,locality_absent_from_historical_geography,irreducible_with_current_sources,1337,שמשית,2,1072,899,,
K17,1995,locality_absent_from_historical_geography,irreducible_with_current_sources,1347,קצר א-סר,1,265,147,,
K17,1995,locality_absent_from_historical_geography,irreducible_with_current_sources,1349,דריג'את,1,231,201,,
K17,1995,locality_absent_from_historical_geography,irreducible_with_current_sources,1358,אום בטין,1,173,117,,
K17,1995,locality_absent_from_historical_geography,irreducible_with_current_sources,2021,אשל הנשיא,1,99,68,,
K17,1995,locality_absent_from_historical_geography,irreducible_with_current_sources,22,מקווה ישראל,1,179,130,,
K17,1995,locality_absent_from_historical_geography,irreducible_with_current_sources,338,איבים,1,224,69,,
K17,1995,locality_absent_from_historical_geography,irreducible_with_current_sources,3777,סנסנה,1,90,80,,
K17,1995,locality_absent_from_historical_geography,irreducible_with_current_sources,3795,רבבה,1,292,278,,
K17,1995,locality_absent_from_historical_geography,irreducible_with_current_sources,3796,כפר האורנים,2,918,776,,
K17,1995,locality_absent_from_historical_geography,irreducible_with_current_sources,3797,מודיעין עילית,20,11891,10640,,
K17,1995,locality_absent_from_historical_geography,irreducible_with_current_sources,4028,כנף,1,138,107,,
K17,1995,locality_absent_from_historical_geography,irreducible_with_current_sources,427,כפר גלים,1,83,59,,
K17,1995,locality_absent_from_historical_geography,irreducible_with_current_sources,926,נווה אבות,1,115,10,,
K17,1995,locality_absent_from_historical_geography,irreducible_with_current_sources,942,סואעד (חמרייה)*,1,93,33,,
K17,1995,locality_absent_from_historical_geography,irreducible_with_current_sources,990,ראס עלי,1,246,196,,
K18,2008,central_ballot_990_locality_only,intentionally_locality_only,1063,מעלות-תרשיחא,1,142,65,,
K18,2008,central_ballot_990_locality_only,intentionally_locality_only,2600,אילת,1,161,14,,
K18,2008,central_ballot_990_locality_only,intentionally_locality_only,3000,ירושלים,1,338,31,,
K18,2008,central_ballot_990_locality_only,intentionally_locality_only,4000,חיפה,1,259,7,,
K18,2008,central_ballot_990_locality_only,intentionally_locality_only,5000,תל אביב -יפו,1,737,67,,
K18,2008,central_ballot_990_locality_only,intentionally_locality_only,6800,קריית אתא,1,97,20,,
K18,2008,central_ballot_990_locality_only,intentionally_locality_only,70,אשדוד,1,229,17,,
K18,2008,central_ballot_990_locality_only,intentionally_locality_only,7000,לוד,1,115,7,,
K18,2008,central_ballot_990_locality_only,intentionally_locality_only,7100,אשקלון,1,144,6,,
K18,2008,central_ballot_990_locality_only,intentionally_locality_only,7400,נתניה,1,120,5,,
K18,2008,central_ballot_990_locality_only,intentionally_locality_only,8000,צפת,1,125,36,,
K18,2008,central_ballot_990_locality_only,intentionally_locality_only,8400,רחובות,1,74,7,,
K18,2008,central_ballot_990_locality_only,intentionally_locality_only,9100,נהרייה,1,105,8,,
K18,2008,entire_locality_omitted_from_official_crosswalk,irreducible_with_current_sources,1054,תל שבע,9,5808,2155,,
K18,2008,entire_locality_omitted_from_official_crosswalk,irreducible_with_current_sources,1292,ג'דיידה-מכר,15,10566,5118,,
K18,2008,entire_locality_omitted_from_official_crosswalk,irreducible_with_current_sources,1327,מעלה עירון,11,6907,3103,,
K18,2008,entire_locality_omitted_from_official_crosswalk,irreducible_with_current_sources,2720,טירה,22,13548,8379,,
K18,2008,entire_locality_omitted_from_official_crosswalk,irreducible_with_current_sources,2730,טייבה,31,20688,13321,,
K18,2008,entire_locality_omitted_from_official_crosswalk,irreducible_with_current_sources,473,אבו סנאן,11,7147,4203,,
K18,2008,entire_locality_omitted_from_official_crosswalk,irreducible_with_current_sources,478,אכסאל,10,6755,2766,,
K18,2008,entire_locality_omitted_from_official_crosswalk,irreducible_with_current_sources,480,בית ג'ן,10,6620,4710,,
K18,2008,entire_locality_omitted_from_official_crosswalk,irreducible_with_current_sources,481,מגאר,20,11868,4365,,
K18,2008,entire_locality_omitted_from_official_crosswalk,irreducible_with_current_sources,494,דאלית אל-כרמל | עספיא,26,16579,7465,,
K18,2008,entire_locality_omitted_from_official_crosswalk,irreducible_with_current_sources,498,טורעאן,11,6779,3904,,
K18,2008,entire_locality_omitted_from_official_crosswalk,irreducible_with_current_sources,499,יפיע,13,9724,4355,,
K18,2008,entire_locality_omitted_from_official_crosswalk,irreducible_with_current_sources,502,ירכא,11,7742,5176,,
K18,2008,entire_locality_omitted_from_official_crosswalk,irreducible_with_current_sources,509,כפר כנא,16,10269,5964,,
K18,2008,entire_locality_omitted_from_official_crosswalk,irreducible_with_current_sources,510,כפר מנדא,12,8229,5607,,
K18,2008,entire_locality_omitted_from_official_crosswalk,irreducible_with_current_sources,516,בענה | דייר אל-אסד | מג'ד אל-כרום,11,7034,5416,,
K18,2008,entire_locality_omitted_from_official_crosswalk,irreducible_with_current_sources,516,מג'ד אל-כרום,10,6331,4612,,
K18,2008,entire_locality_omitted_from_official_crosswalk,irreducible_with_current_sources,522,נחף,9,5869,4116,,
K18,2008,entire_locality_omitted_from_official_crosswalk,irreducible_with_current_sources,529,אעבלין,10,6843,4309,,
K18,2008,entire_locality_omitted_from_official_crosswalk,irreducible_with_current_sources,531,עראבה,19,11630,7728,,
K18,2008,entire_locality_omitted_from_official_crosswalk,irreducible_with_current_sources,532,עין מאהל,10,6374,3562,,
K18,2008,entire_locality_omitted_from_official_crosswalk,irreducible_with_current_sources,537,פוריידיס,9,6412,2524,,
K18,2008,entire_locality_omitted_from_official_crosswalk,irreducible_with_current_sources,541,ג'סר א-זרקא,9,6453,1437,,
K18,2008,entire_locality_omitted_from_official_crosswalk,irreducible_with_current_sources,542,ריינה,12,8594,3973,,
K18,2008,entire_locality_omitted_from_official_crosswalk,irreducible_with_current_sources,6000,באקה אל-גרביה,2,1287,610,,
K18,2008,entire_locality_omitted_from_official_crosswalk,irreducible_with_current_sources,6000,באקה אל-גרביה | ג'ת,22,14304,7104,,
K18,2008,entire_locality_omitted_from_official_crosswalk,irreducible_with_current_sources,634,כפר קאסם,15,10071,7397,,
K18,2008,entire_locality_omitted_from_official_crosswalk,irreducible_with_current_sources,637,ערערה,16,9672,5429,,
K18,2008,entire_locality_omitted_from_official_crosswalk,irreducible_with_current_sources,638,קלנסווה,14,9850,5776,,
K18,2008,entire_locality_omitted_from_official_crosswalk,irreducible_with_current_sources,654,כפר קרע,14,9150,6363,,
K18,2008,entire_locality_omitted_from_official_crosswalk,irreducible_with_current_sources,7500,סח'נין,24,15519,12763,,
K18,2008,entire_locality_omitted_from_official_crosswalk,irreducible_with_current_sources,8800,שפרעם,32,21599,10509,,
K18,2008,entire_locality_omitted_from_official_crosswalk,irreducible_with_current_sources,8900,טמרה,25,16498,9607,,
K18,2008,locality_absent_from_historical_geography,irreducible_with_current_sources,1345,צור יצחק,1,77,70,,
K18,2008,locality_absent_from_historical_geography,irreducible_with_current_sources,483,בענה,1,707,459,,
K18,2008,locality_absent_from_historical_geography,irreducible_with_current_sources,490,דייר אל-אסד,5,3341,2347,,
K18,2008,locality_absent_from_historical_geography,irreducible_with_current_sources,534,עספיא,1,674,270,,
K18,2008,locality_absent_from_historical_geography,irreducible_with_current_sources,628,ג'ת,6,3914,1990,,
K18,2008,specific_ballot_omitted_from_official_crosswalk,irreducible_with_current_sources,8300,ראשון לציון,1,613,459,,
K19,2011,entire_locality_omitted_from_official_crosswalk,irreducible_with_current_sources,1054,תל שבע,8,5717,2512,,
K19,2011,entire_locality_omitted_from_official_crosswalk,irreducible_with_current_sources,1292,ג'דיידה-מכר,17,11783,6384,,
K19,2011,entire_locality_omitted_from_official_crosswalk,irreducible_with_current_sources,1327,מעלה עירון,15,7774,4009,,
K19,2011,entire_locality_omitted_from_official_crosswalk,irreducible_with_current_sources,2720,טירה,23,15168,8924,,
K19,2011,entire_locality_omitted_from_official_crosswalk,irreducible_with_current_sources,2730,טייבה,37,23064,13950,,
K19,2011,entire_locality_omitted_from_official_crosswalk,irreducible_with_current_sources,473,אבו סנאן,12,7886,4732,,
K19,2011,entire_locality_omitted_from_official_crosswalk,irreducible_with_current_sources,478,אכסאל,11,7715,3606,,
K19,2011,entire_locality_omitted_from_official_crosswalk,irreducible_with_current_sources,480,בית ג'ן,12,7364,4266,,
K19,2011,entire_locality_omitted_from_official_crosswalk,irreducible_with_current_sources,481,מגאר,20,13337,5117,,
K19,2011,entire_locality_omitted_from_official_crosswalk,irreducible_with_current_sources,490,דייר אל-אסד,10,6674,4873,,
K19,2011,entire_locality_omitted_from_official_crosswalk,irreducible_with_current_sources,494,דאלית אל-כרמל,17,11066,6405,,
K19,2011,entire_locality_omitted_from_official_crosswalk,irreducible_with_current_sources,498,טורעאן,12,7641,4539,,
K19,2011,entire_locality_omitted_from_official_crosswalk,irreducible_with_current_sources,499,יפיע,17,10933,6078,,
K19,2011,entire_locality_omitted_from_official_crosswalk,irreducible_with_current_sources,502,ירכא,14,8766,6117,,
K19,2011,entire_locality_omitted_from_official_crosswalk,irreducible_with_current_sources,509,כפר כנא,18,11692,6995,,
K19,2011,entire_locality_omitted_from_official_crosswalk,irreducible_with_current_sources,510,כפר מנדא,15,9653,7051,,
K19,2011,entire_locality_omitted_from_official_crosswalk,irreducible_with_current_sources,516,מג'ד אל-כרום,13,8381,6123,,
K19,2011,entire_locality_omitted_from_official_crosswalk,irreducible_with_current_sources,522,נחף,10,6734,3842,,
K19,2011,entire_locality_omitted_from_official_crosswalk,irreducible_with_current_sources,529,אעבלין,12,7578,4487,,
K19,2011,entire_locality_omitted_from_official_crosswalk,irreducible_with_current_sources,531,עראבה,19,13256,7939,,
K19,2011,entire_locality_omitted_from_official_crosswalk,irreducible_with_current_sources,532,עין מאהל,11,7224,4433,,
K19,2011,entire_locality_omitted_from_official_crosswalk,irreducible_with_current_sources,534,עספיא,11,7817,3897,,
K19,2011,entire_locality_omitted_from_official_crosswalk,irreducible_with_current_sources,537,פוריידיס,10,7192,3062,,
K19,2011,entire_locality_omitted_from_official_crosswalk,irreducible_with_current_sources,541,ג'סר א-זרקא,11,7308,2993,,
K19,2011,entire_locality_omitted_from_official_crosswalk,irreducible_with_current_sources,542,ריינה,14,9572,5140,,
K19,2011,entire_locality_omitted_from_official_crosswalk,irreducible_with_current_sources,6000,באקה אל-גרביה,24,15360,6645,,
K19,2011,entire_locality_omitted_from_official_crosswalk,irreducible_with_current_sources,628,ג'ת,11,6554,2549,,
K19,2011,entire_locality_omitted_from_official_crosswalk,irreducible_with_current_sources,634,כפר קאסם,19,11756,9426,,
K19,2011,entire_locality_omitted_from_official_crosswalk,irreducible_with_current_sources,637,ערערה,16,10824,5751,,
K19,2011,entire_locality_omitted_from_official_crosswalk,irreducible_with_current_sources,638,קלנסווה,17,11260,5923,,
K19,2011,entire_locality_omitted_from_official_crosswalk,irreducible_with_current_sources,654,כפר קרע,16,10487,7044,,
K19,2011,entire_locality_omitted_from_official_crosswalk,irreducible_with_current_sources,7500,סח'נין,27,17493,13347,,
K19,2011,entire_locality_omitted_from_official_crosswalk,irreducible_with_current_sources,8800,שפרעם,37,24165,13071,,
K19,2011,entire_locality_omitted_from_official_crosswalk,irreducible_with_current_sources,8900,טמרה,28,18512,13021,,
K20,2011,central_ballot_990_locality_only,intentionally_locality_only,5000,תל אביב -יפו,1,564,56,residual_total_mismatch,pending
K20,2011,entire_locality_omitted_from_official_crosswalk,irreducible_with_current_sources,1192,ערערה-בנגב,10,6558,3773,source_dissolved_locality_aggregate,rejected
K20,2011,entire_locality_omitted_from_official_crosswalk,irreducible_with_current_sources,1292,ג'דיידה-מכר,19,12533,8669,source_dissolved_locality_aggregate,rejected
K20,2011,entire_locality_omitted_from_official_crosswalk,irreducible_with_current_sources,1327,מעלה עירון,15,8400,5567,source_dissolved_locality_aggregate,rejected
K20,2011,entire_locality_omitted_from_official_crosswalk,irreducible_with_current_sources,2710,אום אל-פחם,11,7048,4663,source_dissolved_locality_aggregate,rejected
K20,2011,entire_locality_omitted_from_official_crosswalk,irreducible_with_current_sources,2720,טירה,23,16091,11682,source_dissolved_locality_aggregate,rejected
K20,2011,entire_locality_omitted_from_official_crosswalk,irreducible_with_current_sources,2730,טייבה,37,24480,18103,source_dissolved_locality_aggregate,rejected
K20,2011,entire_locality_omitted_from_official_crosswalk,irreducible_with_current_sources,473,אבו סנאן,12,8363,5798,source_dissolved_locality_aggregate,rejected
K20,2011,entire_locality_omitted_from_official_crosswalk,irreducible_with_current_sources,478,אכסאל,13,8279,5491,source_dissolved_locality_aggregate,rejected
K20,2011,entire_locality_omitted_from_official_crosswalk,irreducible_with_current_sources,480,בית ג'ן,12,7819,4182,source_dissolved_locality_aggregate,rejected
K20,2011,entire_locality_omitted_from_official_crosswalk,irreducible_with_current_sources,481,מגאר,21,14173,6687,source_dissolved_locality_aggregate,rejected
K20,2011,entire_locality_omitted_from_official_crosswalk,irreducible_with_current_sources,490,דייר אל-אסד,10,7130,5715,source_dissolved_locality_aggregate,rejected
K20,2011,entire_locality_omitted_from_official_crosswalk,irreducible_with_current_sources,494,דאלית אל-כרמל,15,10120,5922,source_dissolved_locality_aggregate,rejected
K20,2011,entire_locality_omitted_from_official_crosswalk,irreducible_with_current_sources,498,טורעאן,12,8160,5321,source_dissolved_locality_aggregate,rejected
K20,2011,entire_locality_omitted_from_official_crosswalk,irreducible_with_current_sources,499,יפיע,17,11578,7493,source_dissolved_locality_aggregate,rejected
K20,2011,entire_locality_omitted_from_official_crosswalk,irreducible_with_current_sources,502,ירכא,14,9360,6168,source_dissolved_locality_aggregate,rejected
K20,2011,entire_locality_omitted_from_official_crosswalk,irreducible_with_current_sources,509,כפר כנא,18,12582,8804,source_dissolved_locality_aggregate,rejected
K20,2011,entire_locality_omitted_from_official_crosswalk,irreducible_with_current_sources,510,כפר מנדא,15,10484,8062,source_dissolved_locality_aggregate,rejected
K20,2011,entire_locality_omitted_from_official_crosswalk,irreducible_with_current_sources,516,מג'ד אל-כרום,13,8940,6691,source_dissolved_locality_aggregate,rejected
K20,2011,entire_locality_omitted_from_official_crosswalk,irreducible_with_current_sources,522,נחף,10,7214,5106,source_dissolved_locality_aggregate,rejected
K20,2011,entire_locality_omitted_from_official_crosswalk,irreducible_with_current_sources,529,אעבלין,12,8040,4910,source_dissolved_locality_aggregate,rejected
K20,2011,entire_locality_omitted_from_official_crosswalk,irreducible_with_current_sources,531,עראבה,21,14211,10339,source_dissolved_locality_aggregate,rejected
K20,2011,entire_locality_omitted_from_official_crosswalk,irreducible_with_current_sources,532,עין מאהל,11,7717,5708,source_dissolved_locality_aggregate,rejected
K20,2011,entire_locality_omitted_from_official_crosswalk,irreducible_with_current_sources,534,עספיא,12,8227,4371,source_dissolved_locality_aggregate,rejected
K20,2011,entire_locality_omitted_from_official_crosswalk,irreducible_with_current_sources,537,פוריידיס,12,7621,5116,source_dissolved_locality_aggregate,rejected
K20,2011,entire_locality_omitted_from_official_crosswalk,irreducible_with_current_sources,541,ג'סר א-זרקא,11,7792,4526,source_dissolved_locality_aggregate,rejected
K20,2011,entire_locality_omitted_from_official_crosswalk,irreducible_with_current_sources,542,ריינה,15,10217,6537,source_dissolved_locality_aggregate,rejected
K20,2011,entire_locality_omitted_from_official_crosswalk,irreducible_with_current_sources,6000,באקה אל-גרביה,24,16410,10094,source_dissolved_locality_aggregate,rejected
K20,2011,entire_locality_omitted_from_official_crosswalk,irreducible_with_current_sources,628,ג'ת,11,7038,3708,source_dissolved_locality_aggregate,rejected
K20,2011,entire_locality_omitted_from_official_crosswalk,irreducible_with_current_sources,634,כפר קאסם,20,12781,8056,source_dissolved_locality_aggregate,pending
K20,2011,entire_locality_omitted_from_official_crosswalk,irreducible_with_current_sources,637,ערערה,17,11475,7997,source_dissolved_locality_aggregate,rejected
K20,2011,entire_locality_omitted_from_official_crosswalk,irreducible_with_current_sources,638,קלנסווה,18,12163,8610,source_dissolved_locality_aggregate,rejected
K20,2011,entire_locality_omitted_from_official_crosswalk,irreducible_with_current_sources,654,כפר קרע,16,11227,8379,source_dissolved_locality_aggregate,rejected
K20,2011,entire_locality_omitted_from_official_crosswalk,irreducible_with_current_sources,7500,סח'נין,27,18647,15231,source_dissolved_locality_aggregate,pending
K20,2011,entire_locality_omitted_from_official_crosswalk,irreducible_with_current_sources,8800,שפרעם,37,25674,15194,source_dissolved_locality_aggregate,rejected
K20,2011,entire_locality_omitted_from_official_crosswalk,irreducible_with_current_sources,8900,טמרה,28,19804,15976,source_dissolved_locality_aggregate,rejected
K20,2011,specific_ballot_omitted_from_official_crosswalk,irreducible_with_current_sources,7300,נצרת,1,629,324,residual_total_mismatch,pending
K21,2011,entire_locality_omitted_from_official_crosswalk,irreducible_with_current_sources,1292,ג'דיידה-מכר,20,14098,6293,source_dissolved_locality_aggregate,rejected
K21,2011,entire_locality_omitted_from_official_crosswalk,irreducible_with_current_sources,1327,מעלה עירון,16,9605,3567,source_dissolved_locality_aggregate,rejected
K21,2011,entire_locality_omitted_from_official_crosswalk,irreducible_with_current_sources,2720,טירה,24,17873,10661,source_dissolved_locality_aggregate,rejected
K21,2011,entire_locality_omitted_from_official_crosswalk,irreducible_with_current_sources,2730,טייבה,38,27542,17029,source_dissolved_locality_aggregate,rejected
K21,2011,entire_locality_omitted_from_official_crosswalk,irreducible_with_current_sources,473,אבו סנאן,13,9234,4845,source_dissolved_locality_aggregate,rejected
K21,2011,entire_locality_omitted_from_official_crosswalk,irreducible_with_current_sources,478,אכסאל,13,9369,4833,source_dissolved_locality_aggregate,rejected
K21,2011,entire_locality_omitted_from_official_crosswalk,irreducible_with_current_sources,480,בית ג'ן,12,8565,4923,source_dissolved_locality_aggregate,rejected
K21,2011,entire_locality_omitted_from_official_crosswalk,irreducible_with_current_sources,481,מגאר,22,15692,7464,source_dissolved_locality_aggregate,rejected
K21,2011,entire_locality_omitted_from_official_crosswalk,irreducible_with_current_sources,490,דייר אל-אסד,12,8056,5919,source_dissolved_locality_aggregate,rejected
K21,2011,entire_locality_omitted_from_official_crosswalk,irreducible_with_current_sources,498,טורעאן,13,9258,4431,source_dissolved_locality_aggregate,rejected
K21,2011,entire_locality_omitted_from_official_crosswalk,irreducible_with_current_sources,499,יפיע,17,12845,5741,source_dissolved_locality_aggregate,rejected
K21,2011,entire_locality_omitted_from_official_crosswalk,irreducible_with_current_sources,502,ירכא,15,10483,7155,source_dissolved_locality_aggregate,rejected
K21,2011,entire_locality_omitted_from_official_crosswalk,irreducible_with_current_sources,509,כפר כנא,19,14304,6919,source_dissolved_locality_aggregate,rejected
K21,2011,entire_locality_omitted_from_official_crosswalk,irreducible_with_current_sources,510,כפר מנדא,17,12249,7593,source_dissolved_locality_aggregate,rejected
K21,2011,entire_locality_omitted_from_official_crosswalk,irreducible_with_current_sources,516,מג'ד אל-כרום,16,10104,6170,source_dissolved_locality_aggregate,rejected
K21,2011,entire_locality_omitted_from_official_crosswalk,irreducible_with_current_sources,522,נחף,12,8240,4289,source_dissolved_locality_aggregate,rejected
K21,2011,entire_locality_omitted_from_official_crosswalk,irreducible_with_current_sources,529,אעבלין,12,8913,4508,source_dissolved_locality_aggregate,rejected
K21,2011,entire_locality_omitted_from_official_crosswalk,irreducible_with_current_sources,531,עראבה,22,16252,9661,source_dissolved_locality_aggregate,rejected
K21,2011,entire_locality_omitted_from_official_crosswalk,irreducible_with_current_sources,532,עין מאהל,12,8766,3888,source_dissolved_locality_aggregate,rejected
K21,2011,entire_locality_omitted_from_official_crosswalk,irreducible_with_current_sources,534,עספיא,13,8983,4531,source_dissolved_locality_aggregate,rejected
K21,2011,entire_locality_omitted_from_official_crosswalk,irreducible_with_current_sources,537,פוריידיס,12,8490,5437,source_dissolved_locality_aggregate,rejected
K21,2011,entire_locality_omitted_from_official_crosswalk,irreducible_with_current_sources,541,ג'סר א-זרקא,13,8690,1892,source_dissolved_locality_aggregate,rejected
K21,2011,entire_locality_omitted_from_official_crosswalk,irreducible_with_current_sources,542,ריינה,17,11269,5195,source_dissolved_locality_aggregate,rejected
K21,2011,entire_locality_omitted_from_official_crosswalk,irreducible_with_current_sources,6000,באקה אל-גרביה,27,18635,7991,source_dissolved_locality_aggregate,rejected
K21,2011,entire_locality_omitted_from_official_crosswalk,irreducible_with_current_sources,628,ג'ת,12,7972,2977,source_dissolved_locality_aggregate,rejected
K21,2011,entire_locality_omitted_from_official_crosswalk,irreducible_with_current_sources,634,כפר קאסם,23,14659,9472,source_dissolved_locality_aggregate,rejected
K21,2011,entire_locality_omitted_from_official_crosswalk,irreducible_with_current_sources,637,ערערה,18,12964,5078,source_dissolved_locality_aggregate,rejected
K21,2011,entire_locality_omitted_from_official_crosswalk,irreducible_with_current_sources,638,קלנסווה,20,13987,6667,source_dissolved_locality_aggregate,rejected
K21,2011,entire_locality_omitted_from_official_crosswalk,irreducible_with_current_sources,654,כפר קרע,17,12611,5954,source_dissolved_locality_aggregate,rejected
K21,2011,entire_locality_omitted_from_official_crosswalk,irreducible_with_current_sources,7500,סח'נין,30,21019,17106,source_dissolved_locality_aggregate,rejected
K21,2011,entire_locality_omitted_from_official_crosswalk,irreducible_with_current_sources,8800,שפרעם,39,28453,13491,source_dissolved_locality_aggregate,rejected
K21,2011,entire_locality_omitted_from_official_crosswalk,irreducible_with_current_sources,8900,טמרה,30,22245,13019,source_dissolved_locality_aggregate,rejected
K21,2011,specific_ballot_omitted_from_official_crosswalk,irreducible_with_current_sources,2710,אום אל-פחם,1,574,235,source_dissolved_locality_aggregate,pending
K21,2011,specific_ballot_omitted_from_official_crosswalk,irreducible_with_current_sources,7300,נצרת,1,703,226,residual_total_mismatch,pending
K22,2011,central_ballot_990_locality_only,intentionally_locality_only,2610,בית שמש,1,550,422,,
K22,2011,entire_locality_omitted_from_official_crosswalk,irreducible_with_current_sources,1292,ג'דיידה-מכר,20,14283,9027,,
K22,2011,entire_locality_omitted_from_official_crosswalk,irreducible_with_current_sources,1327,מעלה עירון,16,9736,4722,,
K22,2011,entire_locality_omitted_from_official_crosswalk,irreducible_with_current_sources,2720,טירה,24,18053,12139,,
K22,2011,entire_locality_omitted_from_official_crosswalk,irreducible_with_current_sources,2730,טייבה,45,27934,18609,,
K22,2011,entire_locality_omitted_from_official_crosswalk,irreducible_with_current_sources,473,אבו סנאן,13,9327,5667,,
K22,2011,entire_locality_omitted_from_official_crosswalk,irreducible_with_current_sources,478,אכסאל,13,9493,5778,,
K22,2011,entire_locality_omitted_from_official_crosswalk,irreducible_with_current_sources,480,בית ג'ן,12,8658,4546,,
K22,2011,entire_locality_omitted_from_official_crosswalk,irreducible_with_current_sources,481,מגאר,22,15865,8370,,
K22,2011,entire_locality_omitted_from_official_crosswalk,irreducible_with_current_sources,490,דייר אל-אסד,12,8152,6242,,
K22,2011,entire_locality_omitted_from_official_crosswalk,irreducible_with_current_sources,498,טורעאן,13,9369,5926,,
K22,2011,entire_locality_omitted_from_official_crosswalk,irreducible_with_current_sources,499,יפיע,18,13009,8025,,
K22,2011,entire_locality_omitted_from_official_crosswalk,irreducible_with_current_sources,502,ירכא,12,8534,4382,,
K22,2011,entire_locality_omitted_from_official_crosswalk,irreducible_with_current_sources,509,כפר כנא,20,14493,9113,,
K22,2011,entire_locality_omitted_from_official_crosswalk,irreducible_with_current_sources,510,כפר מנדא,17,12450,8674,,
K22,2011,entire_locality_omitted_from_official_crosswalk,irreducible_with_current_sources,516,מג'ד אל-כרום,16,10235,7246,,
K22,2011,entire_locality_omitted_from_official_crosswalk,irreducible_with_current_sources,522,נחף,12,8340,5362,,
K22,2011,entire_locality_omitted_from_official_crosswalk,irreducible_with_current_sources,529,אעבלין,13,9024,5672,,
K22,2011,entire_locality_omitted_from_official_crosswalk,irreducible_with_current_sources,531,עראבה,23,16484,10863,,
K22,2011,entire_locality_omitted_from_official_crosswalk,irreducible_with_current_sources,532,עין מאהל,12,8903,5327,,
K22,2011,entire_locality_omitted_from_official_crosswalk,irreducible_with_current_sources,534,עספיא,13,9083,5187,,
K22,2011,entire_locality_omitted_from_official_crosswalk,irreducible_with_current_sources,537,פוריידיס,12,8600,4798,,
K22,2011,entire_locality_omitted_from_official_crosswalk,irreducible_with_current_sources,541,ג'סר א-זרקא,13,8814,3703,,
K22,2011,entire_locality_omitted_from_official_crosswalk,irreducible_with_current_sources,542,ריינה,17,11365,6565,,
K22,2011,entire_locality_omitted_from_official_crosswalk,irreducible_with_current_sources,6000,באקה אל-גרביה,30,18885,10928,,
K22,2011,entire_locality_omitted_from_official_crosswalk,irreducible_with_current_sources,628,ג'ת,13,8058,4098,,
K22,2011,entire_locality_omitted_from_official_crosswalk,irreducible_with_current_sources,634,כפר קאסם,23,14908,10482,,
K22,2011,entire_locality_omitted_from_official_crosswalk,irreducible_with_current_sources,637,ערערה,18,13144,7377,,
K22,2011,entire_locality_omitted_from_official_crosswalk,irreducible_with_current_sources,638,קלנסווה,20,14182,9296,,
K22,2011,entire_locality_omitted_from_official_crosswalk,irreducible_with_current_sources,654,כפר קרע,17,12760,8230,,
K22,2011,entire_locality_omitted_from_official_crosswalk,irreducible_with_current_sources,7500,סח'נין,29,20567,14829,,
K22,2011,entire_locality_omitted_from_official_crosswalk,irreducible_with_current_sources,8800,שפרעם,39,28773,17039,,
K22,2011,entire_locality_omitted_from_official_crosswalk,irreducible_with_current_sources,8900,טמרה,30,22576,16350,,
K22,2011,specific_ballot_omitted_from_official_crosswalk,irreducible_with_current_sources,1192,ערערה-בנגב,2,1380,689,,
K22,2011,specific_ballot_omitted_from_official_crosswalk,irreducible_with_current_sources,7300,נצרת,1,717,363,,
K23,2011,central_ballot_990_locality_only,intentionally_locality_only,8200,קריית מוצקין,1,338,234,,
K23,2011,entire_locality_omitted_from_official_crosswalk,irreducible_with_current_sources,1292,ג'דיידה-מכר,20,14464,10059,,
K23,2011,entire_locality_omitted_from_official_crosswalk,irreducible_with_current_sources,1327,מעלה עירון,16,9896,6068,,
K23,2011,entire_locality_omitted_from_official_crosswalk,irreducible_with_current_sources,2720,טירה,24,18238,13218,,
K23,2011,entire_locality_omitted_from_official_crosswalk,irreducible_with_current_sources,2730,טייבה,45,28357,20117,,
K23,2011,entire_locality_omitted_from_official_crosswalk,irreducible_with_current_sources,473,אבו סנאן,13,9422,6090,,
K23,2011,entire_locality_omitted_from_official_crosswalk,irreducible_with_current_sources,478,אכסאל,14,9637,6553,,
K23,2011,entire_locality_omitted_from_official_crosswalk,irreducible_with_current_sources,480,בית ג'ן,12,8713,4311,,
K23,2011,entire_locality_omitted_from_official_crosswalk,irreducible_with_current_sources,481,מגאר,22,16044,8706,,
K23,2011,entire_locality_omitted_from_official_crosswalk,irreducible_with_current_sources,490,דייר אל-אסד,12,8208,6877,,
K23,2011,entire_locality_omitted_from_official_crosswalk,irreducible_with_current_sources,498,טורעאן,13,9475,6057,,
K23,2011,entire_locality_omitted_from_official_crosswalk,irreducible_with_current_sources,499,יפיע,18,13182,8705,,
K23,2011,entire_locality_omitted_from_official_crosswalk,irreducible_with_current_sources,502,ירכא,15,10719,6444,,
K23,2011,entire_locality_omitted_from_official_crosswalk,irreducible_with_current_sources,509,כפר כנא,20,14685,10431,,
K23,2011,entire_locality_omitted_from_official_crosswalk,irreducible_with_current_sources,510,כפר מנדא,17,12686,8957,,
K23,2011,entire_locality_omitted_from_official_crosswalk,irreducible_with_current_sources,516,מג'ד אל-כרום,16,10360,7951,,
K23,2011,entire_locality_omitted_from_official_crosswalk,irreducible_with_current_sources,522,נחף,12,8471,6028,,
K23,2011,entire_locality_omitted_from_official_crosswalk,irreducible_with_current_sources,529,אעבלין,13,9104,6232,,
K23,2011,entire_locality_omitted_from_official_crosswalk,irreducible_with_current_sources,531,עראבה,24,16725,12066,,
K23,2011,entire_locality_omitted_from_official_crosswalk,irreducible_with_current_sources,532,עין מאהל,13,9058,6608,,
K23,2011,entire_locality_omitted_from_official_crosswalk,irreducible_with_current_sources,534,עספיא,13,9170,5136,,
K23,2011,entire_locality_omitted_from_official_crosswalk,irreducible_with_current_sources,537,פוריידיס,12,8696,5222,,
K23,2011,entire_locality_omitted_from_official_crosswalk,irreducible_with_current_sources,541,ג'סר א-זרקא,13,8896,4941,,
K23,2011,entire_locality_omitted_from_official_crosswalk,irreducible_with_current_sources,542,ריינה,17,11436,7764,,
K23,2011,entire_locality_omitted_from_official_crosswalk,irreducible_with_current_sources,6000,באקה אל-גרביה,30,19193,11879,,
K23,2011,entire_locality_omitted_from_official_crosswalk,irreducible_with_current_sources,628,ג'ת,13,8186,4597,,
K23,2011,entire_locality_omitted_from_official_crosswalk,irreducible_with_current_sources,634,כפר קאסם,23,15139,11185,,
K23,2011,entire_locality_omitted_from_official_crosswalk,irreducible_with_current_sources,637,ערערה,18,13286,9119,,
K23,2011,entire_locality_omitted_from_official_crosswalk,irreducible_with_current_sources,638,קלנסווה,20,14379,10437,,
K23,2011,entire_locality_omitted_from_official_crosswalk,irreducible_with_current_sources,654,כפר קרע,17,12877,9264,,
K23,2011,entire_locality_omitted_from_official_crosswalk,irreducible_with_current_sources,7500,סח'נין,30,21624,17136,,
K23,2011,entire_locality_omitted_from_official_crosswalk,irreducible_with_current_sources,8800,שפרעם,39,29120,19200,,
K23,2011,entire_locality_omitted_from_official_crosswalk,irreducible_with_current_sources,8900,טמרה,31,22876,18354,,
K23,2011,specific_ballot_omitted_from_official_crosswalk,irreducible_with_current_sources,1192,ערערה-בנגב,2,1399,776,,
K23,2011,specific_ballot_omitted_from_official_crosswalk,irreducible_with_current_sources,7300,נצרת,1,731,430,,
K24,2011,central_ballot_990_locality_only,intentionally_locality_only,2550,גדרה,3,1453,957,,
K24,2011,central_ballot_990_locality_only,intentionally_locality_only,2800,קריית שמונה,4,2585,1478,,
K24,2011,central_ballot_990_locality_only,intentionally_locality_only,4000,חיפה,1,255,8,,
K24,2011,central_ballot_990_locality_only,intentionally_locality_only,5000,תל אביב -יפו,6,3365,1079,,
K24,2011,central_ballot_990_locality_only,intentionally_locality_only,70,אשדוד,2,897,234,,
K24,2011,central_ballot_990_locality_only,intentionally_locality_only,7200,נס ציונה,6,2984,2287,,
K24,2011,central_ballot_990_locality_only,intentionally_locality_only,7700,עפולה,6,3255,2073,,
K24,2011,central_ballot_990_locality_only,intentionally_locality_only,8200,קריית מוצקין,1,283,199,,
K24,2011,central_ballot_990_locality_only,intentionally_locality_only,8500,רמלה,2,710,349,,
K24,2011,entire_locality_omitted_from_official_crosswalk,irreducible_with_current_sources,1292,ג'דיידה-מכר,26,14820,6162,,
K24,2011,entire_locality_omitted_from_official_crosswalk,irreducible_with_current_sources,1327,מעלה עירון,18,10221,3212,,
K24,2011,entire_locality_omitted_from_official_crosswalk,irreducible_with_current_sources,2710,אום אל-פחם,3,1832,545,,
K24,2011,entire_locality_omitted_from_official_crosswalk,irreducible_with_current_sources,2720,טירה,35,18697,8806,,
K24,2011,entire_locality_omitted_from_official_crosswalk,irreducible_with_current_sources,2730,טייבה,54,29204,12675,,
K24,2011,entire_locality_omitted_from_official_crosswalk,irreducible_with_current_sources,473,אבו סנאן,19,9705,5151,,
K24,2011,entire_locality_omitted_from_official_crosswalk,irreducible_with_current_sources,478,אכסאל,17,9946,4256,,
K24,2011,entire_locality_omitted_from_official_crosswalk,irreducible_with_current_sources,480,בית ג'ן,18,8907,3423,,
K24,2011,entire_locality_omitted_from_official_crosswalk,irreducible_with_current_sources,481,מגאר,32,16438,7132,,
K24,2011,entire_locality_omitted_from_official_crosswalk,irreducible_with_current_sources,490,דייר אל-אסד,17,8479,5204,,
K24,2011,entire_locality_omitted_from_official_crosswalk,irreducible_with_current_sources,498,טורעאן,18,9719,3756,,
K24,2011,entire_locality_omitted_from_official_crosswalk,irreducible_with_current_sources,499,יפיע,25,13420,5664,,
K24,2011,entire_locality_omitted_from_official_crosswalk,irreducible_with_current_sources,502,ירכא,21,11014,5614,,
K24,2011,entire_locality_omitted_from_official_crosswalk,irreducible_with_current_sources,509,כפר כנא,27,15189,7311,,
K24,2011,entire_locality_omitted_from_official_crosswalk,irreducible_with_current_sources,510,כפר מנדא,28,13137,7313,,
K24,2011,entire_locality_omitted_from_official_crosswalk,irreducible_with_current_sources,516,מג'ד אל-כרום,20,10661,5757,,
K24,2011,entire_locality_omitted_from_official_crosswalk,irreducible_with_current_sources,522,נחף,19,8811,4167,,
K24,2011,entire_locality_omitted_from_official_crosswalk,irreducible_with_current_sources,529,אעבלין,21,9349,4651,,
K24,2011,entire_locality_omitted_from_official_crosswalk,irreducible_with_current_sources,531,עראבה,31,17322,9553,,
K24,2011,entire_locality_omitted_from_official_crosswalk,irreducible_with_current_sources,532,עין מאהל,15,9334,3755,,
K24,2011,entire_locality_omitted_from_official_crosswalk,irreducible_with_current_sources,534,עספיא,19,9324,3888,,
K24,2011,entire_locality_omitted_from_official_crosswalk,irreducible_with_current_sources,537,פוריידיס,17,8926,2591,,
K24,2011,entire_locality_omitted_from_official_crosswalk,irreducible_with_current_sources,541,ג'סר א-זרקא,19,9184,2246,,
K24,2011,entire_locality_omitted_from_official_crosswalk,irreducible_with_current_sources,542,ריינה,20,11664,5280,,
K24,2011,entire_locality_omitted_from_official_crosswalk,irreducible_with_current_sources,6000,באקה אל-גרביה,38,19745,6187,,
K24,2011,entire_locality_omitted_from_official_crosswalk,irreducible_with_current_sources,628,ג'ת,14,8412,2238,,
K24,2011,entire_locality_omitted_from_official_crosswalk,irreducible_with_current_sources,634,כפר קאסם,31,15663,8811,,
K24,2011,entire_locality_omitted_from_official_crosswalk,irreducible_with_current_sources,637,ערערה,26,13695,5352,,
K24,2011,entire_locality_omitted_from_official_crosswalk,irreducible_with_current_sources,638,קלנסווה,30,14818,5191,,
K24,2011,entire_locality_omitted_from_official_crosswalk,irreducible_with_current_sources,654,כפר קרע,23,13230,6026,,
K24,2011,entire_locality_omitted_from_official_crosswalk,irreducible_with_current_sources,7500,סח'נין,39,22299,15666,,
K24,2011,entire_locality_omitted_from_official_crosswalk,irreducible_with_current_sources,8800,שפרעם,54,29818,13366,,
K24,2011,entire_locality_omitted_from_official_crosswalk,irreducible_with_current_sources,8900,טמרה,42,23560,12339,,
K24,2011,specific_ballot_omitted_from_official_crosswalk,irreducible_with_current_sources,1192,ערערה-בנגב,4,2096,749,,
K25,2011,central_ballot_990_locality_only,intentionally_locality_only,1063,מעלות-תרשיחא,2,942,626,,
K25,2011,central_ballot_990_locality_only,intentionally_locality_only,4000,חיפה,2,1128,294,,
K25,2011,central_ballot_990_locality_only,intentionally_locality_only,7000,לוד,5,3140,1810,,
K25,2011,entire_locality_omitted_from_official_crosswalk,irreducible_with_current_sources,1292,ג'דיידה-מכר,25,15255,8182,,
K25,2011,entire_locality_omitted_from_official_crosswalk,irreducible_with_current_sources,1327,מעלה עירון,17,10678,4599,,
K25,2011,entire_locality_omitted_from_official_crosswalk,irreducible_with_current_sources,2720,טירה,34,19319,12030,,
K25,2011,entire_locality_omitted_from_official_crosswalk,irreducible_with_current_sources,2730,טייבה,47,30461,17580,,
K25,2011,entire_locality_omitted_from_official_crosswalk,irreducible_with_current_sources,473,אבו סנאן,19,10013,5458,,
K25,2011,entire_locality_omitted_from_official_crosswalk,irreducible_with_current_sources,478,אכסאל,18,10342,5257,,
K25,2011,entire_locality_omitted_from_official_crosswalk,irreducible_with_current_sources,480,בית ג'ן,16,9177,4867,,
K25,2011,entire_locality_omitted_from_official_crosswalk,irreducible_with_current_sources,481,מגאר,31,17008,7489,,
K25,2011,entire_locality_omitted_from_official_crosswalk,irreducible_with_current_sources,490,דייר אל-אסד,17,8873,6194,,
K25,2011,entire_locality_omitted_from_official_crosswalk,irreducible_with_current_sources,498,טורעאן,18,10111,5003,,
K25,2011,entire_locality_omitted_from_official_crosswalk,irreducible_with_current_sources,499,יפיע,25,13860,6855,,
K25,2011,entire_locality_omitted_from_official_crosswalk,irreducible_with_current_sources,502,ירכא,21,11387,5823,,
K25,2011,entire_locality_omitted_from_official_crosswalk,irreducible_with_current_sources,509,כפר כנא,27,15877,8340,,
K25,2011,entire_locality_omitted_from_official_crosswalk,irreducible_with_current_sources,510,כפר מנדא,23,13756,8964,,
K25,2011,entire_locality_omitted_from_official_crosswalk,irreducible_with_current_sources,516,מג'ד אל-כרום,17,11017,7347,,
K25,2011,entire_locality_omitted_from_official_crosswalk,irreducible_with_current_sources,522,נחף,14,9181,5359,,
K25,2011,entire_locality_omitted_from_official_crosswalk,irreducible_with_current_sources,529,אעבלין,20,9638,5716,,
K25,2011,entire_locality_omitted_from_official_crosswalk,irreducible_with_current_sources,531,עראבה,30,18203,10352,,
K25,2011,entire_locality_omitted_from_official_crosswalk,irreducible_with_current_sources,532,עין מאהל,17,9688,5044,,
K25,2011,entire_locality_omitted_from_official_crosswalk,irreducible_with_current_sources,534,עספיא,17,9560,4947,,
K25,2011,entire_locality_omitted_from_official_crosswalk,irreducible_with_current_sources,537,פוריידיס,17,9208,3566,,
K25,2011,entire_locality_omitted_from_official_crosswalk,irreducible_with_current_sources,541,ג'סר א-זרקא,19,9560,4147,,
K25,2011,entire_locality_omitted_from_official_crosswalk,irreducible_with_current_sources,542,ריינה,19,11959,6313,,
K25,2011,entire_locality_omitted_from_official_crosswalk,irreducible_with_current_sources,6000,באקה אל-גרביה,33,20643,9815,,
K25,2011,entire_locality_omitted_from_official_crosswalk,irreducible_with_current_sources,628,ג'ת,14,8694,3463,,
K25,2011,entire_locality_omitted_from_official_crosswalk,irreducible_with_current_sources,634,כפר קאסם,29,16449,11001,,
K25,2011,entire_locality_omitted_from_official_crosswalk,irreducible_with_current_sources,637,ערערה,23,14219,7458,,
K25,2011,entire_locality_omitted_from_official_crosswalk,irreducible_with_current_sources,638,קלנסווה,29,15420,8369,,
K25,2011,entire_locality_omitted_from_official_crosswalk,irreducible_with_current_sources,654,כפר קרע,22,13735,8544,,
K25,2011,entire_locality_omitted_from_official_crosswalk,irreducible_with_current_sources,7500,סח'נין,38,23207,15877,,
K25,2011,entire_locality_omitted_from_official_crosswalk,irreducible_with_current_sources,8800,שפרעם,54,30875,15890,,
K25,2011,entire_locality_omitted_from_official_crosswalk,irreducible_with_current_sources,8900,טמרה,42,24503,15563,,
K25,2011,specific_ballot_omitted_from_official_crosswalk,irreducible_with_current_sources,1192,ערערה-בנגב,6,3457,1660,,
K25,2011,specific_ballot_omitted_from_official_crosswalk,irreducible_with_current_sources,1200,מודיעין-מכבים-רעות*,2,1208,1020,,
K25,2011,specific_ballot_omitted_from_official_crosswalk,irreducible_with_current_sources,494,דאלית אל-כרמל,1,628,372,,
K25,2011,specific_ballot_omitted_from_official_crosswalk,irreducible_with_current_sources,7300,נצרת,7,4620,2049,,
