election,stat_area_vintage,fallback_geography_id,locality_id,locality_code,locality_name,contributing_rows,contributing_kalpis,eligible_voters,actual_voters,valid_votes,invalid_votes,fallback_reason,boundary_source
K25,2011,municipality-fallback:2011:loc:1292,loc:1292,1292,ג'דיידה-מכר,25,25,15255,8182,8115,67,no_ballot_has_a_supported_statistical_area_assignment,cbs_2022_locality_geometry_display_only
K25,2011,municipality-fallback:2011:loc:1327,loc:1327,1327,מעלה עירון,17,17,10678,4599,4542,57,no_ballot_has_a_supported_statistical_area_assignment,cbs_2022_locality_geometry_display_only
K25,2011,municipality-fallback:2011:loc:2720,loc:2720,2720,טירה,34,34,19319,12030,11912,118,no_ballot_has_a_supported_statistical_area_assignment,cbs_2022_locality_geometry_display_only
K25,2011,municipality-fallback:2011:loc:2730,loc:2730,2730,טייבה,47,47,30461,17580,17401,179,no_ballot_has_a_supported_statistical_area_assignment,cbs_2022_locality_geometry_display_only
K25,2011,municipality-fallback:2011:loc:473,loc:473,473,אבו סנאן,19,19,10013,5458,5382,76,no_ballot_has_a_supported_statistical_area_assignment,cbs_2022_locality_geometry_display_only
K25,2011,municipality-fallback:2011:loc:478,loc:478,478,אכסאל,18,18,10342,5257,5212,45,no_ballot_has_a_supported_statistical_area_assignment,cbs_2022_locality_geometry_display_only
K25,2011,municipality-fallback:2011:loc:480,loc:480,480,בית ג'ן,16,16,9177,4867,4832,35,no_ballot_has_a_supported_statistical_area_assignment,cbs_2022_locality_geometry_display_only
K25,2011,municipality-fallback:2011:loc:481,loc:481,481,מגאר,31,31,17008,7489,7377,112,no_ballot_has_a_supported_statistical_area_assignment,cbs_2022_locality_geometry_display_only
K25,2011,municipality-fallback:2011:loc:490,loc:490,490,דייר אל-אסד,17,17,8873,6194,6154,40,no_ballot_has_a_supported_statistical_area_assignment,cbs_2022_locality_geometry_display_only
K25,2011,municipality-fallback:2011:loc:498,loc:498,498,טורעאן,18,18,10111,5003,4961,42,no_ballot_has_a_supported_statistical_area_assignment,cbs_2022_locality_geometry_display_only
K25,2011,municipality-fallback:2011:loc:499,loc:499,499,יפיע,25,25,13860,6855,6750,105,no_ballot_has_a_supported_statistical_area_assignment,cbs_2022_locality_geometry_display_only
K25,2011,municipality-fallback:2011:loc:502,loc:502,502,ירכא,21,21,11387,5823,5722,101,no_ballot_has_a_supported_statistical_area_assignment,cbs_2022_locality_geometry_display_only
K25,2011,municipality-fallback:2011:loc:509,loc:509,509,כפר כנא,27,27,15877,8340,8221,119,no_ballot_has_a_supported_statistical_area_assignment,cbs_2022_locality_geometry_display_only
K25,2011,municipality-fallback:2011:loc:510,loc:510,510,כפר מנדא,23,23,13756,8964,8887,77,no_ballot_has_a_supported_statistical_area_assignment,cbs_2022_locality_geometry_display_only
K25,2011,municipality-fallback:2011:loc:516,loc:516,516,מג'ד אל-כרום,17,17,11017,7347,7280,67,no_ballot_has_a_supported_statistical_area_assignment,cbs_2022_locality_geometry_display_only
K25,2011,municipality-fallback:2011:loc:522,loc:522,522,נחף,14,14,9181,5359,5325,34,no_ballot_has_a_supported_statistical_area_assignment,cbs_2022_locality_geometry_display_only
K25,2011,municipality-fallback:2011:loc:529,loc:529,529,אעבלין,20,20,9638,5716,5672,44,no_ballot_has_a_supported_statistical_area_assignment,cbs_2022_locality_geometry_display_only
K25,2011,municipality-fallback:2011:loc:531,loc:531,531,עראבה,30,30,18203,10352,10289,63,no_ballot_has_a_supported_statistical_area_assignment,cbs_2022_locality_geometry_display_only
K25,2011,municipality-fallback:2011:loc:532,loc:532,532,עין מאהל,17,17,9688,5044,5001,43,no_ballot_has_a_supported_statistical_area_assignment,cbs_2022_locality_geometry_display_only
K25,2011,municipality-fallback:2011:loc:534,loc:534,534,עספיא,17,17,9560,4947,4893,54,no_ballot_has_a_supported_statistical_area_assignment,cbs_2022_locality_geometry_display_only
K25,2011,municipality-fallback:2011:loc:537,loc:537,537,פוריידיס,17,17,9208,3566,3531,35,no_ballot_has_a_supported_statistical_area_assignment,cbs_2022_locality_geometry_display_only
K25,2011,municipality-fallback:2011:loc:541,loc:541,541,ג'סר א-זרקא,19,19,9560,4147,4108,39,no_ballot_has_a_supported_statistical_area_assignment,cbs_2022_locality_geometry_display_only
K25,2011,municipality-fallback:2011:loc:542,loc:542,542,ריינה,19,19,11959,6313,6230,83,no_ballot_has_a_supported_statistical_area_assignment,cbs_2022_locality_geometry_display_only
K25,2011,municipality-fallback:2011:loc:6000,loc:6000,6000,באקה אל-גרביה,33,33,20643,9815,9671,144,no_ballot_has_a_supported_statistical_area_assignment,cbs_2022_locality_geometry_display_only
K25,2011,municipality-fallback:2011:loc:628,loc:628,628,ג'ת,14,14,8694,3463,3414,49,no_ballot_has_a_supported_statistical_area_assignment,cbs_2022_locality_geometry_display_only
K25,2011,municipality-fallback:2011:loc:634,loc:634,634,כפר קאסם,29,29,16449,11001,10895,106,no_ballot_has_a_supported_statistical_area_assignment,cbs_2022_locality_geometry_display_only
K25,2011,municipality-fallback:2011:loc:637,loc:637,637,ערערה,23,23,14219,7458,7393,65,no_ballot_has_a_supported_statistical_area_assignment,cbs_2022_locality_geometry_display_only
K25,2011,municipality-fallback:2011:loc:638,loc:638,638,קלנסווה,29,29,15420,8369,8290,79,no_ballot_has_a_supported_statistical_area_assignment,cbs_2022_locality_geometry_display_only
K25,2011,municipality-fallback:2011:loc:654,loc:654,654,כפר קרע,22,22,13735,8544,8489,55,no_ballot_has_a_supported_statistical_area_assignment,cbs_2022_locality_geometry_display_only
K25,2011,municipality-fallback:2011:loc:7500,loc:7500,7500,סח'נין,38,38,23207,15877,15754,123,no_ballot_has_a_supported_statistical_area_assignment,cbs_2022_locality_geometry_display_only
K25,2011,municipality-fallback:2011:loc:8800,loc:8800,8800,שפרעם,54,54,30875,15890,15703,187,no_ballot_has_a_supported_statistical_area_assignment,cbs_2022_locality_geometry_display_only
K25,2011,municipality-fallback:2011:loc:8900,loc:8900,8900,טמרה,42,42,24503,15563,15491,72,no_ballot_has_a_supported_statistical_area_assignment,cbs_2022_locality_geometry_display_only
K24,2011,municipality-fallback:2011:loc:1292,loc:1292,1292,ג'דיידה-מכר,26,26,14820,6162,6121,41,no_ballot_has_a_supported_statistical_area_assignment,cbs_2022_locality_geometry_display_only
K24,2011,municipality-fallback:2011:loc:1327,loc:1327,1327,מעלה עירון,18,18,10221,3212,3158,54,no_ballot_has_a_supported_statistical_area_assignment,cbs_2022_locality_geometry_display_only
K24,2011,municipality-fallback:2011:loc:2720,loc:2720,2720,טירה,35,35,18697,8806,8690,116,no_ballot_has_a_supported_statistical_area_assignment,cbs_2022_locality_geometry_display_only
K24,2011,municipality-fallback:2011:loc:2730,loc:2730,2730,טייבה,54,54,29204,12675,12517,158,no_ballot_has_a_supported_statistical_area_assignment,cbs_2022_locality_geometry_display_only
K24,2011,municipality-fallback:2011:loc:473,loc:473,473,אבו סנאן,19,19,9705,5151,5070,81,no_ballot_has_a_supported_statistical_area_assignment,cbs_2022_locality_geometry_display_only
K24,2011,municipality-fallback:2011:loc:478,loc:478,478,אכסאל,17,17,9946,4256,4219,37,no_ballot_has_a_supported_statistical_area_assignment,cbs_2022_locality_geometry_display_only
K24,2011,municipality-fallback:2011:loc:480,loc:480,480,בית ג'ן,18,18,8907,3423,3399,24,no_ballot_has_a_supported_statistical_area_assignment,cbs_2022_locality_geometry_display_only
K24,2011,municipality-fallback:2011:loc:481,loc:481,481,מגאר,32,32,16438,7132,7054,78,no_ballot_has_a_supported_statistical_area_assignment,cbs_2022_locality_geometry_display_only
K24,2011,municipality-fallback:2011:loc:490,loc:490,490,דייר אל-אסד,17,17,8479,5204,5167,37,no_ballot_has_a_supported_statistical_area_assignment,cbs_2022_locality_geometry_display_only
K24,2011,municipality-fallback:2011:loc:498,loc:498,498,טורעאן,18,18,9719,3756,3730,26,no_ballot_has_a_supported_statistical_area_assignment,cbs_2022_locality_geometry_display_only
K24,2011,municipality-fallback:2011:loc:499,loc:499,499,יפיע,25,25,13420,5664,5586,78,no_ballot_has_a_supported_statistical_area_assignment,cbs_2022_locality_geometry_display_only
K24,2011,municipality-fallback:2011:loc:502,loc:502,502,ירכא,21,21,11014,5614,5522,92,no_ballot_has_a_supported_statistical_area_assignment,cbs_2022_locality_geometry_display_only
K24,2011,municipality-fallback:2011:loc:509,loc:509,509,כפר כנא,27,27,15189,7311,7210,101,no_ballot_has_a_supported_statistical_area_assignment,cbs_2022_locality_geometry_display_only
K24,2011,municipality-fallback:2011:loc:510,loc:510,510,כפר מנדא,28,28,13137,7313,7241,72,no_ballot_has_a_supported_statistical_area_assignment,cbs_2022_locality_geometry_display_only
K24,2011,municipality-fallback:2011:loc:516,loc:516,516,מג'ד אל-כרום,20,20,10661,5757,5741,16,no_ballot_has_a_supported_statistical_area_assignment,cbs_2022_locality_geometry_display_only
K24,2011,municipality-fallback:2011:loc:522,loc:522,522,נחף,19,19,8811,4167,4132,35,no_ballot_has_a_supported_statistical_area_assignment,cbs_2022_locality_geometry_display_only
K24,2011,municipality-fallback:2011:loc:529,loc:529,529,אעבלין,21,21,9349,4651,4618,33,no_ballot_has_a_supported_statistical_area_assignment,cbs_2022_locality_geometry_display_only
K24,2011,municipality-fallback:2011:loc:531,loc:531,531,עראבה,31,31,17322,9553,9498,55,no_ballot_has_a_supported_statistical_area_assignment,cbs_2022_locality_geometry_display_only
K24,2011,municipality-fallback:2011:loc:532,loc:532,532,עין מאהל,15,15,9334,3755,3706,49,no_ballot_has_a_supported_statistical_area_assignment,cbs_2022_locality_geometry_display_only
K24,2011,municipality-fallback:2011:loc:534,loc:534,534,עספיא,19,19,9324,3888,3862,26,no_ballot_has_a_supported_statistical_area_assignment,cbs_2022_locality_geometry_display_only
K24,2011,municipality-fallback:2011:loc:537,loc:537,537,פוריידיס,17,17,8926,2591,2546,45,no_ballot_has_a_supported_statistical_area_assignment,cbs_2022_locality_geometry_display_only
K24,2011,municipality-fallback:2011:loc:541,loc:541,541,ג'סר א-זרקא,19,19,9184,2246,2212,34,no_ballot_has_a_supported_statistical_area_assignment,cbs_2022_locality_geometry_display_only
K24,2011,municipality-fallback:2011:loc:542,loc:542,542,ריינה,20,20,11664,5280,5208,72,no_ballot_has_a_supported_statistical_area_assignment,cbs_2022_locality_geometry_display_only
K24,2011,municipality-fallback:2011:loc:6000,loc:6000,6000,באקה אל-גרביה,38,38,19745,6187,6075,112,no_ballot_has_a_supported_statistical_area_assignment,cbs_2022_locality_geometry_display_only
K24,2011,municipality-fallback:2011:loc:628,loc:628,628,ג'ת,14,14,8412,2238,2198,40,no_ballot_has_a_supported_statistical_area_assignment,cbs_2022_locality_geometry_display_only
K24,2011,municipality-fallback:2011:loc:634,loc:634,634,כפר קאסם,31,31,15663,8811,8666,145,no_ballot_has_a_supported_statistical_area_assignment,cbs_2022_locality_geometry_display_only
K24,2011,municipality-fallback:2011:loc:637,loc:637,637,ערערה,26,26,13695,5352,5286,66,no_ballot_has_a_supported_statistical_area_assignment,cbs_2022_locality_geometry_display_only
K24,2011,municipality-fallback:2011:loc:638,loc:638,638,קלנסווה,30,30,14818,5191,5123,68,no_ballot_has_a_supported_statistical_area_assignment,cbs_2022_locality_geometry_display_only
K24,2011,municipality-fallback:2011:loc:654,loc:654,654,כפר קרע,23,23,13230,6026,5973,53,no_ballot_has_a_supported_statistical_area_assignment,cbs_2022_locality_geometry_display_only
K24,2011,municipality-fallback:2011:loc:7500,loc:7500,7500,סח'נין,39,39,22299,15666,15530,136,no_ballot_has_a_supported_statistical_area_assignment,cbs_2022_locality_geometry_display_only
K24,2011,municipality-fallback:2011:loc:8800,loc:8800,8800,שפרעם,54,54,29818,13366,13215,151,no_ballot_has_a_supported_statistical_area_assignment,cbs_2022_locality_geometry_display_only
K24,2011,municipality-fallback:2011:loc:8900,loc:8900,8900,טמרה,42,42,23560,12339,12265,74,no_ballot_has_a_supported_statistical_area_assignment,cbs_2022_locality_geometry_display_only
K23,2011,municipality-fallback:2011:loc:1292,loc:1292,1292,ג'דיידה-מכר,20,20,14464,10059,10015,44,no_ballot_has_a_supported_statistical_area_assignment,cbs_2022_locality_geometry_display_only
K23,2011,municipality-fallback:2011:loc:1327,loc:1327,1327,מעלה עירון,16,16,9896,6068,6042,26,no_ballot_has_a_supported_statistical_area_assignment,cbs_2022_locality_geometry_display_only
K23,2011,municipality-fallback:2011:loc:2720,loc:2720,2720,טירה,24,24,18238,13218,13153,65,no_ballot_has_a_supported_statistical_area_assignment,cbs_2022_locality_geometry_display_only
K23,2011,municipality-fallback:2011:loc:2730,loc:2730,2730,טייבה,45,45,28357,20117,19991,126,no_ballot_has_a_supported_statistical_area_assignment,cbs_2022_locality_geometry_display_only
K23,2011,municipality-fallback:2011:loc:473,loc:473,473,אבו סנאן,13,13,9422,6090,6037,53,no_ballot_has_a_supported_statistical_area_assignment,cbs_2022_locality_geometry_display_only
K23,2011,municipality-fallback:2011:loc:478,loc:478,478,אכסאל,14,14,9637,6553,6512,41,no_ballot_has_a_supported_statistical_area_assignment,cbs_2022_locality_geometry_display_only
K23,2011,municipality-fallback:2011:loc:480,loc:480,480,בית ג'ן,12,12,8713,4311,4277,34,no_ballot_has_a_supported_statistical_area_assignment,cbs_2022_locality_geometry_display_only
K23,2011,municipality-fallback:2011:loc:481,loc:481,481,מגאר,22,22,16044,8706,8623,83,no_ballot_has_a_supported_statistical_area_assignment,cbs_2022_locality_geometry_display_only
K23,2011,municipality-fallback:2011:loc:490,loc:490,490,דייר אל-אסד,12,12,8208,6877,6857,20,no_ballot_has_a_supported_statistical_area_assignment,cbs_2022_locality_geometry_display_only
K23,2011,municipality-fallback:2011:loc:498,loc:498,498,טורעאן,13,13,9475,6057,6029,28,no_ballot_has_a_supported_statistical_area_assignment,cbs_2022_locality_geometry_display_only
K23,2011,municipality-fallback:2011:loc:499,loc:499,499,יפיע,18,18,13182,8705,8650,55,no_ballot_has_a_supported_statistical_area_assignment,cbs_2022_locality_geometry_display_only
K23,2011,municipality-fallback:2011:loc:502,loc:502,502,ירכא,15,15,10719,6444,6325,119,no_ballot_has_a_supported_statistical_area_assignment,cbs_2022_locality_geometry_display_only
K23,2011,municipality-fallback:2011:loc:509,loc:509,509,כפר כנא,20,20,14685,10431,10348,83,no_ballot_has_a_supported_statistical_area_assignment,cbs_2022_locality_geometry_display_only
K23,2011,municipality-fallback:2011:loc:510,loc:510,510,כפר מנדא,17,17,12686,8957,8883,74,no_ballot_has_a_supported_statistical_area_assignment,cbs_2022_locality_geometry_display_only
K23,2011,municipality-fallback:2011:loc:516,loc:516,516,מג'ד אל-כרום,16,16,10360,7951,7927,24,no_ballot_has_a_supported_statistical_area_assignment,cbs_2022_locality_geometry_display_only
K23,2011,municipality-fallback:2011:loc:522,loc:522,522,נחף,12,12,8471,6028,6007,21,no_ballot_has_a_supported_statistical_area_assignment,cbs_2022_locality_geometry_display_only
K23,2011,municipality-fallback:2011:loc:529,loc:529,529,אעבלין,13,13,9104,6232,6183,49,no_ballot_has_a_supported_statistical_area_assignment,cbs_2022_locality_geometry_display_only
K23,2011,municipality-fallback:2011:loc:531,loc:531,531,עראבה,24,24,16725,12066,12031,35,no_ballot_has_a_supported_statistical_area_assignment,cbs_2022_locality_geometry_display_only
K23,2011,municipality-fallback:2011:loc:532,loc:532,532,עין מאהל,13,13,9058,6608,6575,33,no_ballot_has_a_supported_statistical_area_assignment,cbs_2022_locality_geometry_display_only
K23,2011,municipality-fallback:2011:loc:534,loc:534,534,עספיא,13,13,9170,5136,5096,40,no_ballot_has_a_supported_statistical_area_assignment,cbs_2022_locality_geometry_display_only
K23,2011,municipality-fallback:2011:loc:537,loc:537,537,פוריידיס,12,12,8696,5222,5188,34,no_ballot_has_a_supported_statistical_area_assignment,cbs_2022_locality_geometry_display_only
K23,2011,municipality-fallback:2011:loc:541,loc:541,541,ג'סר א-זרקא,13,13,8896,4941,4885,56,no_ballot_has_a_supported_statistical_area_assignment,cbs_2022_locality_geometry_display_only
K23,2011,municipality-fallback:2011:loc:542,loc:542,542,ריינה,17,17,11436,7764,7706,58,no_ballot_has_a_supported_statistical_area_assignment,cbs_2022_locality_geometry_display_only
K23,2011,municipality-fallback:2011:loc:6000,loc:6000,6000,באקה אל-גרביה,30,30,19193,11879,11812,67,no_ballot_has_a_supported_statistical_area_assignment,cbs_2022_locality_geometry_display_only
K23,2011,municipality-fallback:2011:loc:628,loc:628,628,ג'ת,13,13,8186,4597,4577,20,no_ballot_has_a_supported_statistical_area_assignment,cbs_2022_locality_geometry_display_only
K23,2011,municipality-fallback:2011:loc:634,loc:634,634,כפר קאסם,23,23,15139,11185,11113,72,no_ballot_has_a_supported_statistical_area_assignment,cbs_2022_locality_geometry_display_only
K23,2011,municipality-fallback:2011:loc:637,loc:637,637,ערערה,18,18,13286,9119,9081,38,no_ballot_has_a_supported_statistical_area_assignment,cbs_2022_locality_geometry_display_only
K23,2011,municipality-fallback:2011:loc:638,loc:638,638,קלנסווה,20,20,14379,10437,10391,46,no_ballot_has_a_supported_statistical_area_assignment,cbs_2022_locality_geometry_display_only
K23,2011,municipality-fallback:2011:loc:654,loc:654,654,כפר קרע,17,17,12877,9264,9232,32,no_ballot_has_a_supported_statistical_area_assignment,cbs_2022_locality_geometry_display_only
K23,2011,municipality-fallback:2011:loc:7500,loc:7500,7500,סח'נין,30,30,21624,17136,17085,51,no_ballot_has_a_supported_statistical_area_assignment,cbs_2022_locality_geometry_display_only
K23,2011,municipality-fallback:2011:loc:8800,loc:8800,8800,שפרעם,39,39,29120,19200,19032,168,no_ballot_has_a_supported_statistical_area_assignment,cbs_2022_locality_geometry_display_only
K23,2011,municipality-fallback:2011:loc:8900,loc:8900,8900,טמרה,31,31,22876,18354,18317,37,no_ballot_has_a_supported_statistical_area_assignment,cbs_2022_locality_geometry_display_only
K22,2011,municipality-fallback:2011:loc:1292,loc:1292,1292,ג'דיידה-מכר,20,20,14283,9027,8967,60,no_ballot_has_a_supported_statistical_area_assignment,cbs_2022_locality_geometry_display_only
K22,2011,municipality-fallback:2011:loc:1327,loc:1327,1327,מעלה עירון,16,16,9736,4722,4685,37,no_ballot_has_a_supported_statistical_area_assignment,cbs_2022_locality_geometry_display_only
K22,2011,municipality-fallback:2011:loc:2720,loc:2720,2720,טירה,24,24,18053,12139,12059,80,no_ballot_has_a_supported_statistical_area_assignment,cbs_2022_locality_geometry_display_only
K22,2011,municipality-fallback:2011:loc:2730,loc:2730,2730,טייבה,45,45,27934,18609,18463,146,no_ballot_has_a_supported_statistical_area_assignment,cbs_2022_locality_geometry_display_only
K22,2011,municipality-fallback:2011:loc:473,loc:473,473,אבו סנאן,13,13,9327,5667,5617,50,no_ballot_has_a_supported_statistical_area_assignment,cbs_2022_locality_geometry_display_only
K22,2011,municipality-fallback:2011:loc:478,loc:478,478,אכסאל,13,13,9493,5778,5737,41,no_ballot_has_a_supported_statistical_area_assignment,cbs_2022_locality_geometry_display_only
K22,2011,municipality-fallback:2011:loc:480,loc:480,480,בית ג'ן,12,12,8658,4546,4499,47,no_ballot_has_a_supported_statistical_area_assignment,cbs_2022_locality_geometry_display_only
K22,2011,municipality-fallback:2011:loc:481,loc:481,481,מגאר,22,22,15865,8370,8271,99,no_ballot_has_a_supported_statistical_area_assignment,cbs_2022_locality_geometry_display_only
K22,2011,municipality-fallback:2011:loc:490,loc:490,490,דייר אל-אסד,12,12,8152,6242,6213,29,no_ballot_has_a_supported_statistical_area_assignment,cbs_2022_locality_geometry_display_only
K22,2011,municipality-fallback:2011:loc:498,loc:498,498,טורעאן,13,13,9369,5926,5891,35,no_ballot_has_a_supported_statistical_area_assignment,cbs_2022_locality_geometry_display_only
K22,2011,municipality-fallback:2011:loc:499,loc:499,499,יפיע,18,18,13009,8025,7935,90,no_ballot_has_a_supported_statistical_area_assignment,cbs_2022_locality_geometry_display_only
K22,2011,municipality-fallback:2011:loc:502,loc:502,502,ירכא,12,12,8534,4382,4273,109,no_ballot_has_a_supported_statistical_area_assignment,cbs_2022_locality_geometry_display_only
K22,2011,municipality-fallback:2011:loc:509,loc:509,509,כפר כנא,20,20,14493,9113,9013,100,no_ballot_has_a_supported_statistical_area_assignment,cbs_2022_locality_geometry_display_only
K22,2011,municipality-fallback:2011:loc:510,loc:510,510,כפר מנדא,17,17,12450,8674,8604,70,no_ballot_has_a_supported_statistical_area_assignment,cbs_2022_locality_geometry_display_only
K22,2011,municipality-fallback:2011:loc:516,loc:516,516,מג'ד אל-כרום,16,16,10235,7246,7220,26,no_ballot_has_a_supported_statistical_area_assignment,cbs_2022_locality_geometry_display_only
K22,2011,municipality-fallback:2011:loc:522,loc:522,522,נחף,12,12,8340,5362,5346,16,no_ballot_has_a_supported_statistical_area_assignment,cbs_2022_locality_geometry_display_only
K22,2011,municipality-fallback:2011:loc:529,loc:529,529,אעבלין,13,13,9024,5672,5629,43,no_ballot_has_a_supported_statistical_area_assignment,cbs_2022_locality_geometry_display_only
K22,2011,municipality-fallback:2011:loc:531,loc:531,531,עראבה,23,23,16484,10863,10360,503,no_ballot_has_a_supported_statistical_area_assignment,cbs_2022_locality_geometry_display_only
K22,2011,municipality-fallback:2011:loc:532,loc:532,532,עין מאהל,12,12,8903,5327,5294,33,no_ballot_has_a_supported_statistical_area_assignment,cbs_2022_locality_geometry_display_only
K22,2011,municipality-fallback:2011:loc:534,loc:534,534,עספיא,13,13,9083,5187,5149,38,no_ballot_has_a_supported_statistical_area_assignment,cbs_2022_locality_geometry_display_only
K22,2011,municipality-fallback:2011:loc:537,loc:537,537,פוריידיס,12,12,8600,4798,4734,64,no_ballot_has_a_supported_statistical_area_assignment,cbs_2022_locality_geometry_display_only
K22,2011,municipality-fallback:2011:loc:541,loc:541,541,ג'סר א-זרקא,13,13,8814,3703,3657,46,no_ballot_has_a_supported_statistical_area_assignment,cbs_2022_locality_geometry_display_only
K22,2011,municipality-fallback:2011:loc:542,loc:542,542,ריינה,17,17,11365,6565,6506,59,no_ballot_has_a_supported_statistical_area_assignment,cbs_2022_locality_geometry_display_only
K22,2011,municipality-fallback:2011:loc:6000,loc:6000,6000,באקה אל-גרביה,30,30,18885,10928,10821,107,no_ballot_has_a_supported_statistical_area_assignment,cbs_2022_locality_geometry_display_only
K22,2011,municipality-fallback:2011:loc:628,loc:628,628,ג'ת,13,13,8058,4098,4061,37,no_ballot_has_a_supported_statistical_area_assignment,cbs_2022_locality_geometry_display_only
K22,2011,municipality-fallback:2011:loc:634,loc:634,634,כפר קאסם,23,23,14908,10482,10363,119,no_ballot_has_a_supported_statistical_area_assignment,cbs_2022_locality_geometry_display_only
K22,2011,municipality-fallback:2011:loc:637,loc:637,637,ערערה,18,18,13144,7377,7320,57,no_ballot_has_a_supported_statistical_area_assignment,cbs_2022_locality_geometry_display_only
K22,2011,municipality-fallback:2011:loc:638,loc:638,638,קלנסווה,20,20,14182,9296,9247,49,no_ballot_has_a_supported_statistical_area_assignment,cbs_2022_locality_geometry_display_only
K22,2011,municipality-fallback:2011:loc:654,loc:654,654,כפר קרע,17,17,12760,8230,8180,50,no_ballot_has_a_supported_statistical_area_assignment,cbs_2022_locality_geometry_display_only
K22,2011,municipality-fallback:2011:loc:7500,loc:7500,7500,סח'נין,29,29,20567,14829,14644,185,no_ballot_has_a_supported_statistical_area_assignment,cbs_2022_locality_geometry_display_only
K22,2011,municipality-fallback:2011:loc:8800,loc:8800,8800,שפרעם,39,39,28773,17039,16327,712,no_ballot_has_a_supported_statistical_area_assignment,cbs_2022_locality_geometry_display_only
K22,2011,municipality-fallback:2011:loc:8900,loc:8900,8900,טמרה,30,30,22576,16350,16295,55,no_ballot_has_a_supported_statistical_area_assignment,cbs_2022_locality_geometry_display_only
K21,2011,municipality-fallback:2011:loc:1292,loc:1292,1292,ג'דיידה-מכר,20,20,14098,6293,6214,79,no_ballot_has_a_supported_statistical_area_assignment,cbs_2022_locality_geometry_display_only
K21,2011,municipality-fallback:2011:loc:1327,loc:1327,1327,מעלה עירון,16,16,9605,3567,3526,41,no_ballot_has_a_supported_statistical_area_assignment,cbs_2022_locality_geometry_display_only
K21,2011,municipality-fallback:2011:loc:2720,loc:2720,2720,טירה,24,24,17873,10661,10560,101,no_ballot_has_a_supported_statistical_area_assignment,cbs_2022_locality_geometry_display_only
K21,2011,municipality-fallback:2011:loc:2730,loc:2730,2730,טייבה,38,38,27542,17029,16809,220,no_ballot_has_a_supported_statistical_area_assignment,cbs_2022_locality_geometry_display_only
K21,2011,municipality-fallback:2011:loc:473,loc:473,473,אבו סנאן,13,13,9234,4845,4763,82,no_ballot_has_a_supported_statistical_area_assignment,cbs_2022_locality_geometry_display_only
K21,2011,municipality-fallback:2011:loc:478,loc:478,478,אכסאל,13,13,9369,4833,4807,26,no_ballot_has_a_supported_statistical_area_assignment,cbs_2022_locality_geometry_display_only
K21,2011,municipality-fallback:2011:loc:480,loc:480,480,בית ג'ן,12,12,8565,4923,4897,26,no_ballot_has_a_supported_statistical_area_assignment,cbs_2022_locality_geometry_display_only
K21,2011,municipality-fallback:2011:loc:481,loc:481,481,מגאר,22,22,15692,7464,7340,124,no_ballot_has_a_supported_statistical_area_assignment,cbs_2022_locality_geometry_display_only
K21,2011,municipality-fallback:2011:loc:490,loc:490,490,דייר אל-אסד,12,12,8056,5919,5884,35,no_ballot_has_a_supported_statistical_area_assignment,cbs_2022_locality_geometry_display_only
K21,2011,municipality-fallback:2011:loc:498,loc:498,498,טורעאן,13,13,9258,4431,4393,38,no_ballot_has_a_supported_statistical_area_assignment,cbs_2022_locality_geometry_display_only
K21,2011,municipality-fallback:2011:loc:499,loc:499,499,יפיע,17,17,12845,5741,5639,102,no_ballot_has_a_supported_statistical_area_assignment,cbs_2022_locality_geometry_display_only
K21,2011,municipality-fallback:2011:loc:502,loc:502,502,ירכא,15,15,10483,7155,7074,81,no_ballot_has_a_supported_statistical_area_assignment,cbs_2022_locality_geometry_display_only
K21,2011,municipality-fallback:2011:loc:509,loc:509,509,כפר כנא,19,19,14304,6919,6829,90,no_ballot_has_a_supported_statistical_area_assignment,cbs_2022_locality_geometry_display_only
K21,2011,municipality-fallback:2011:loc:510,loc:510,510,כפר מנדא,17,17,12249,7593,7516,77,no_ballot_has_a_supported_statistical_area_assignment,cbs_2022_locality_geometry_display_only
K21,2011,municipality-fallback:2011:loc:516,loc:516,516,מג'ד אל-כרום,16,16,10104,6170,6146,24,no_ballot_has_a_supported_statistical_area_assignment,cbs_2022_locality_geometry_display_only
K21,2011,municipality-fallback:2011:loc:522,loc:522,522,נחף,12,12,8240,4289,4278,11,no_ballot_has_a_supported_statistical_area_assignment,cbs_2022_locality_geometry_display_only
K21,2011,municipality-fallback:2011:loc:529,loc:529,529,אעבלין,12,12,8913,4508,4444,64,no_ballot_has_a_supported_statistical_area_assignment,cbs_2022_locality_geometry_display_only
K21,2011,municipality-fallback:2011:loc:531,loc:531,531,עראבה,22,22,16252,9661,9616,45,no_ballot_has_a_supported_statistical_area_assignment,cbs_2022_locality_geometry_display_only
K21,2011,municipality-fallback:2011:loc:532,loc:532,532,עין מאהל,12,12,8766,3888,3853,35,no_ballot_has_a_supported_statistical_area_assignment,cbs_2022_locality_geometry_display_only
K21,2011,municipality-fallback:2011:loc:534,loc:534,534,עספיא,13,13,8983,4531,4472,59,no_ballot_has_a_supported_statistical_area_assignment,cbs_2022_locality_geometry_display_only
K21,2011,municipality-fallback:2011:loc:537,loc:537,537,פוריידיס,12,12,8490,5437,5394,43,no_ballot_has_a_supported_statistical_area_assignment,cbs_2022_locality_geometry_display_only
K21,2011,municipality-fallback:2011:loc:541,loc:541,541,ג'סר א-זרקא,13,13,8690,1892,1872,20,no_ballot_has_a_supported_statistical_area_assignment,cbs_2022_locality_geometry_display_only
K21,2011,municipality-fallback:2011:loc:542,loc:542,542,ריינה,17,17,11269,5195,5100,95,no_ballot_has_a_supported_statistical_area_assignment,cbs_2022_locality_geometry_display_only
K21,2011,municipality-fallback:2011:loc:6000,loc:6000,6000,באקה אל-גרביה,27,27,18635,7991,7861,130,no_ballot_has_a_supported_statistical_area_assignment,cbs_2022_locality_geometry_display_only
K21,2011,municipality-fallback:2011:loc:628,loc:628,628,ג'ת,12,12,7972,2977,2932,45,no_ballot_has_a_supported_statistical_area_assignment,cbs_2022_locality_geometry_display_only
K21,2011,municipality-fallback:2011:loc:634,loc:634,634,כפר קאסם,23,23,14659,9472,9352,120,no_ballot_has_a_supported_statistical_area_assignment,cbs_2022_locality_geometry_display_only
K21,2011,municipality-fallback:2011:loc:637,loc:637,637,ערערה,18,18,12964,5078,5022,56,no_ballot_has_a_supported_statistical_area_assignment,cbs_2022_locality_geometry_display_only
K21,2011,municipality-fallback:2011:loc:638,loc:638,638,קלנסווה,20,20,13987,6667,6593,74,no_ballot_has_a_supported_statistical_area_assignment,cbs_2022_locality_geometry_display_only
K21,2011,municipality-fallback:2011:loc:654,loc:654,654,כפר קרע,17,17,12611,5954,5897,57,no_ballot_has_a_supported_statistical_area_assignment,cbs_2022_locality_geometry_display_only
K21,2011,municipality-fallback:2011:loc:7500,loc:7500,7500,סח'נין,30,30,21019,17106,17022,84,no_ballot_has_a_supported_statistical_area_assignment,cbs_2022_locality_geometry_display_only
K21,2011,municipality-fallback:2011:loc:8800,loc:8800,8800,שפרעם,39,39,28453,13491,13280,211,no_ballot_has_a_supported_statistical_area_assignment,cbs_2022_locality_geometry_display_only
K21,2011,municipality-fallback:2011:loc:8900,loc:8900,8900,טמרה,30,30,22245,13019,12951,68,no_ballot_has_a_supported_statistical_area_assignment,cbs_2022_locality_geometry_display_only
K20,2011,municipality-fallback:2011:loc:1192,loc:1192,1192,ערערה-בנגב,10,10,6558,3773,3701,72,no_ballot_has_a_supported_statistical_area_assignment,cbs_2022_locality_geometry_display_only
K20,2011,municipality-fallback:2011:loc:1292,loc:1292,1292,ג'דיידה-מכר,19,19,12533,8669,8608,61,no_ballot_has_a_supported_statistical_area_assignment,cbs_2022_locality_geometry_display_only
K20,2011,municipality-fallback:2011:loc:1327,loc:1327,1327,מעלה עירון,15,15,8400,5567,5554,13,no_ballot_has_a_supported_statistical_area_assignment,cbs_2022_locality_geometry_display_only
K20,2011,municipality-fallback:2011:loc:2720,loc:2720,2720,טירה,23,23,16091,11682,11611,71,no_ballot_has_a_supported_statistical_area_assignment,cbs_2022_locality_geometry_display_only
K20,2011,municipality-fallback:2011:loc:2730,loc:2730,2730,טייבה,37,37,24480,18103,17965,138,no_ballot_has_a_supported_statistical_area_assignment,cbs_2022_locality_geometry_display_only
K20,2011,municipality-fallback:2011:loc:473,loc:473,473,אבו סנאן,12,12,8363,5798,5746,52,no_ballot_has_a_supported_statistical_area_assignment,cbs_2022_locality_geometry_display_only
K20,2011,municipality-fallback:2011:loc:478,loc:478,478,אכסאל,13,13,8279,5491,5453,38,no_ballot_has_a_supported_statistical_area_assignment,cbs_2022_locality_geometry_display_only
K20,2011,municipality-fallback:2011:loc:480,loc:480,480,בית ג'ן,12,12,7819,4182,4138,44,no_ballot_has_a_supported_statistical_area_assignment,cbs_2022_locality_geometry_display_only
K20,2011,municipality-fallback:2011:loc:481,loc:481,481,מגאר,21,21,14173,6687,6571,116,no_ballot_has_a_supported_statistical_area_assignment,cbs_2022_locality_geometry_display_only
K20,2011,municipality-fallback:2011:loc:490,loc:490,490,דייר אל-אסד,10,10,7130,5715,5668,47,no_ballot_has_a_supported_statistical_area_assignment,cbs_2022_locality_geometry_display_only
K20,2011,municipality-fallback:2011:loc:498,loc:498,498,טורעאן,12,12,8160,5321,5273,48,no_ballot_has_a_supported_statistical_area_assignment,cbs_2022_locality_geometry_display_only
K20,2011,municipality-fallback:2011:loc:499,loc:499,499,יפיע,17,17,11578,7493,7412,81,no_ballot_has_a_supported_statistical_area_assignment,cbs_2022_locality_geometry_display_only
K20,2011,municipality-fallback:2011:loc:502,loc:502,502,ירכא,14,14,9360,6168,6025,143,no_ballot_has_a_supported_statistical_area_assignment,cbs_2022_locality_geometry_display_only
K20,2011,municipality-fallback:2011:loc:509,loc:509,509,כפר כנא,18,18,12582,8804,8757,47,no_ballot_has_a_supported_statistical_area_assignment,cbs_2022_locality_geometry_display_only
K20,2011,municipality-fallback:2011:loc:510,loc:510,510,כפר מנדא,15,15,10484,8062,7937,125,no_ballot_has_a_supported_statistical_area_assignment,cbs_2022_locality_geometry_display_only
K20,2011,municipality-fallback:2011:loc:516,loc:516,516,מג'ד אל-כרום,13,13,8940,6691,6658,33,no_ballot_has_a_supported_statistical_area_assignment,cbs_2022_locality_geometry_display_only
K20,2011,municipality-fallback:2011:loc:522,loc:522,522,נחף,10,10,7214,5106,5084,22,no_ballot_has_a_supported_statistical_area_assignment,cbs_2022_locality_geometry_display_only
K20,2011,municipality-fallback:2011:loc:529,loc:529,529,אעבלין,12,12,8040,4910,4871,39,no_ballot_has_a_supported_statistical_area_assignment,cbs_2022_locality_geometry_display_only
K20,2011,municipality-fallback:2011:loc:531,loc:531,531,עראבה,21,21,14211,10339,10298,41,no_ballot_has_a_supported_statistical_area_assignment,cbs_2022_locality_geometry_display_only
K20,2011,municipality-fallback:2011:loc:532,loc:532,532,עין מאהל,11,11,7717,5708,5679,29,no_ballot_has_a_supported_statistical_area_assignment,cbs_2022_locality_geometry_display_only
K20,2011,municipality-fallback:2011:loc:534,loc:534,534,עספיא,12,12,8227,4371,4316,55,no_ballot_has_a_supported_statistical_area_assignment,cbs_2022_locality_geometry_display_only
K20,2011,municipality-fallback:2011:loc:537,loc:537,537,פוריידיס,12,12,7621,5116,5088,28,no_ballot_has_a_supported_statistical_area_assignment,cbs_2022_locality_geometry_display_only
K20,2011,municipality-fallback:2011:loc:541,loc:541,541,ג'סר א-זרקא,11,11,7792,4526,4503,23,no_ballot_has_a_supported_statistical_area_assignment,cbs_2022_locality_geometry_display_only
K20,2011,municipality-fallback:2011:loc:542,loc:542,542,ריינה,15,15,10217,6537,6469,68,no_ballot_has_a_supported_statistical_area_assignment,cbs_2022_locality_geometry_display_only
K20,2011,municipality-fallback:2011:loc:6000,loc:6000,6000,באקה אל-גרביה,24,24,16410,10094,10022,72,no_ballot_has_a_supported_statistical_area_assignment,cbs_2022_locality_geometry_display_only
K20,2011,municipality-fallback:2011:loc:628,loc:628,628,ג'ת,11,11,7038,3708,3677,31,no_ballot_has_a_supported_statistical_area_assignment,cbs_2022_locality_geometry_display_only
K20,2011,municipality-fallback:2011:loc:634,loc:634,634,כפר קאסם,20,20,12781,8056,8012,44,no_ballot_has_a_supported_statistical_area_assignment,cbs_2022_locality_geometry_display_only
K20,2011,municipality-fallback:2011:loc:637,loc:637,637,ערערה,17,17,11475,7997,7953,44,no_ballot_has_a_supported_statistical_area_assignment,cbs_2022_locality_geometry_display_only
K20,2011,municipality-fallback:2011:loc:638,loc:638,638,קלנסווה,18,18,12163,8610,8556,54,no_ballot_has_a_supported_statistical_area_assignment,cbs_2022_locality_geometry_display_only
K20,2011,municipality-fallback:2011:loc:654,loc:654,654,כפר קרע,16,16,11227,8379,8320,59,no_ballot_has_a_supported_statistical_area_assignment,cbs_2022_locality_geometry_display_only
K20,2011,municipality-fallback:2011:loc:7500,loc:7500,7500,סח'נין,27,27,18647,15231,15182,49,no_ballot_has_a_supported_statistical_area_assignment,cbs_2022_locality_geometry_display_only
K20,2011,municipality-fallback:2011:loc:8800,loc:8800,8800,שפרעם,37,37,25674,15194,15025,169,no_ballot_has_a_supported_statistical_area_assignment,cbs_2022_locality_geometry_display_only
K20,2011,municipality-fallback:2011:loc:8900,loc:8900,8900,טמרה,28,28,19804,15976,15911,65,no_ballot_has_a_supported_statistical_area_assignment,cbs_2022_locality_geometry_display_only
K19,2011,municipality-fallback:2011:loc:1292,loc:1292,1292,ג'דיידה-מכר,17,17,11783,6384,6324,60,no_ballot_has_a_supported_statistical_area_assignment,cbs_2022_locality_geometry_display_only
K19,2011,municipality-fallback:2011:loc:1327,loc:1327,1327,מעלה עירון,15,15,7774,4009,3960,49,no_ballot_has_a_supported_statistical_area_assignment,cbs_2022_locality_geometry_display_only
K19,2011,municipality-fallback:2011:loc:2720,loc:2720,2720,טירה,23,23,15168,8924,8759,165,no_ballot_has_a_supported_statistical_area_assignment,cbs_2022_locality_geometry_display_only
K19,2011,municipality-fallback:2011:loc:2730,loc:2730,2730,טייבה,37,37,23064,13950,13783,167,no_ballot_has_a_supported_statistical_area_assignment,cbs_2022_locality_geometry_display_only
K19,2011,municipality-fallback:2011:loc:473,loc:473,473,אבו סנאן,12,12,7886,4732,4667,65,no_ballot_has_a_supported_statistical_area_assignment,cbs_2022_locality_geometry_display_only
K19,2011,municipality-fallback:2011:loc:478,loc:478,478,אכסאל,11,11,7715,3606,3560,46,no_ballot_has_a_supported_statistical_area_assignment,cbs_2022_locality_geometry_display_only
K19,2011,municipality-fallback:2011:loc:480,loc:480,480,בית ג'ן,12,12,7364,4266,4221,45,no_ballot_has_a_supported_statistical_area_assignment,cbs_2022_locality_geometry_display_only
K19,2011,municipality-fallback:2011:loc:481,loc:481,481,מגאר,20,20,13337,5117,4961,156,no_ballot_has_a_supported_statistical_area_assignment,cbs_2022_locality_geometry_display_only
K19,2011,municipality-fallback:2011:loc:490,loc:490,490,דייר אל-אסד,10,10,6674,4873,4798,75,no_ballot_has_a_supported_statistical_area_assignment,cbs_2022_locality_geometry_display_only
K19,2011,municipality-fallback:2011:loc:494,loc:494,494,דאלית אל-כרמל,17,17,11066,6405,6330,75,no_ballot_has_a_supported_statistical_area_assignment,cbs_2022_locality_geometry_display_only
K19,2011,municipality-fallback:2011:loc:498,loc:498,498,טורעאן,12,12,7641,4539,4481,58,no_ballot_has_a_supported_statistical_area_assignment,cbs_2022_locality_geometry_display_only
K19,2011,municipality-fallback:2011:loc:499,loc:499,499,יפיע,17,17,10933,6078,5996,82,no_ballot_has_a_supported_statistical_area_assignment,cbs_2022_locality_geometry_display_only
K19,2011,municipality-fallback:2011:loc:502,loc:502,502,ירכא,14,14,8766,6117,5882,235,no_ballot_has_a_supported_statistical_area_assignment,cbs_2022_locality_geometry_display_only
K19,2011,municipality-fallback:2011:loc:509,loc:509,509,כפר כנא,18,18,11692,6995,6902,93,no_ballot_has_a_supported_statistical_area_assignment,cbs_2022_locality_geometry_display_only
K19,2011,municipality-fallback:2011:loc:510,loc:510,510,כפר מנדא,15,15,9653,7051,6907,144,no_ballot_has_a_supported_statistical_area_assignment,cbs_2022_locality_geometry_display_only
K19,2011,municipality-fallback:2011:loc:516,loc:516,516,מג'ד אל-כרום,13,13,8381,6123,6092,31,no_ballot_has_a_supported_statistical_area_assignment,cbs_2022_locality_geometry_display_only
K19,2011,municipality-fallback:2011:loc:522,loc:522,522,נחף,10,10,6734,3842,3783,59,no_ballot_has_a_supported_statistical_area_assignment,cbs_2022_locality_geometry_display_only
K19,2011,municipality-fallback:2011:loc:529,loc:529,529,אעבלין,12,12,7578,4487,4441,46,no_ballot_has_a_supported_statistical_area_assignment,cbs_2022_locality_geometry_display_only
K19,2011,municipality-fallback:2011:loc:531,loc:531,531,עראבה,19,19,13256,7939,7886,53,no_ballot_has_a_supported_statistical_area_assignment,cbs_2022_locality_geometry_display_only
K19,2011,municipality-fallback:2011:loc:532,loc:532,532,עין מאהל,11,11,7224,4433,4368,65,no_ballot_has_a_supported_statistical_area_assignment,cbs_2022_locality_geometry_display_only
K19,2011,municipality-fallback:2011:loc:534,loc:534,534,עספיא,11,11,7817,3897,3840,57,no_ballot_has_a_supported_statistical_area_assignment,cbs_2022_locality_geometry_display_only
K19,2011,municipality-fallback:2011:loc:537,loc:537,537,פוריידיס,10,10,7192,3062,3017,45,no_ballot_has_a_supported_statistical_area_assignment,cbs_2022_locality_geometry_display_only
K19,2011,municipality-fallback:2011:loc:541,loc:541,541,ג'סר א-זרקא,11,11,7308,2993,2976,17,no_ballot_has_a_supported_statistical_area_assignment,cbs_2022_locality_geometry_display_only
K19,2011,municipality-fallback:2011:loc:542,loc:542,542,ריינה,14,14,9572,5140,5047,93,no_ballot_has_a_supported_statistical_area_assignment,cbs_2022_locality_geometry_display_only
K19,2011,municipality-fallback:2011:loc:6000,loc:6000,6000,באקה אל-גרביה,24,24,15360,6645,6501,144,no_ballot_has_a_supported_statistical_area_assignment,cbs_2022_locality_geometry_display_only
K19,2011,municipality-fallback:2011:loc:628,loc:628,628,ג'ת,11,11,6554,2549,2483,66,no_ballot_has_a_supported_statistical_area_assignment,cbs_2022_locality_geometry_display_only
K19,2011,municipality-fallback:2011:loc:634,loc:634,634,כפר קאסם,19,19,11756,9426,9362,64,no_ballot_has_a_supported_statistical_area_assignment,cbs_2022_locality_geometry_display_only
K19,2011,municipality-fallback:2011:loc:637,loc:637,637,ערערה,16,16,10824,5751,5709,42,no_ballot_has_a_supported_statistical_area_assignment,cbs_2022_locality_geometry_display_only
K19,2011,municipality-fallback:2011:loc:638,loc:638,638,קלנסווה,17,17,11260,5923,5839,84,no_ballot_has_a_supported_statistical_area_assignment,cbs_2022_locality_geometry_display_only
K19,2011,municipality-fallback:2011:loc:654,loc:654,654,כפר קרע,16,16,10487,7044,6974,70,no_ballot_has_a_supported_statistical_area_assignment,cbs_2022_locality_geometry_display_only
K19,2011,municipality-fallback:2011:loc:7500,loc:7500,7500,סח'נין,27,27,17493,13347,13248,99,no_ballot_has_a_supported_statistical_area_assignment,cbs_2022_locality_geometry_display_only
K19,2011,municipality-fallback:2011:loc:8800,loc:8800,8800,שפרעם,37,37,24165,13071,12883,188,no_ballot_has_a_supported_statistical_area_assignment,cbs_2022_locality_geometry_display_only
K19,2011,municipality-fallback:2011:loc:8900,loc:8900,8900,טמרה,28,28,18512,13021,12928,93,no_ballot_has_a_supported_statistical_area_assignment,cbs_2022_locality_geometry_display_only
K18,2008,municipality-fallback:2008:composite:baqa-jatt,composite:baqa-jatt,6000,באקה-ג'ת,30,30,19505,9704,9550,154,no_ballot_has_a_supported_statistical_area_assignment,reviewed_historical_composite_geometry
K18,2008,municipality-fallback:2008:composite:ir-carmel,composite:ir-carmel,494,עיר כרמל,27,27,17253,7735,7630,105,no_ballot_has_a_supported_statistical_area_assignment,reviewed_historical_composite_geometry
K18,2008,municipality-fallback:2008:composite:shaghur,composite:shaghur,516,שגור,27,27,17413,12834,12748,86,no_ballot_has_a_supported_statistical_area_assignment,reviewed_historical_composite_geometry
K18,2008,municipality-fallback:2008:loc:1054,loc:1054,1054,תל שבע,9,9,5808,2155,2068,87,no_ballot_has_a_supported_statistical_area_assignment,cbs_2022_locality_geometry_display_only
K18,2008,municipality-fallback:2008:loc:1292,loc:1292,1292,ג'דיידה-מכר,15,15,10566,5118,5047,71,no_ballot_has_a_supported_statistical_area_assignment,cbs_2022_locality_geometry_display_only
K18,2008,municipality-fallback:2008:loc:1327,loc:1327,1327,מעלה עירון,11,11,6907,3103,3056,47,no_ballot_has_a_supported_statistical_area_assignment,cbs_2022_locality_geometry_display_only
K18,2008,municipality-fallback:2008:loc:1345,loc:1345,1345,צור יצחק,1,1,77,70,69,1,no_ballot_has_a_supported_statistical_area_assignment,cbs_2022_locality_geometry_display_only
K18,2008,municipality-fallback:2008:loc:2720,loc:2720,2720,טירה,22,22,13548,8379,8315,64,no_ballot_has_a_supported_statistical_area_assignment,cbs_2022_locality_geometry_display_only
K18,2008,municipality-fallback:2008:loc:2730,loc:2730,2730,טייבה,31,31,20688,13321,13150,171,no_ballot_has_a_supported_statistical_area_assignment,cbs_2022_locality_geometry_display_only
K18,2008,municipality-fallback:2008:loc:473,loc:473,473,אבו סנאן,11,11,7147,4203,4111,92,no_ballot_has_a_supported_statistical_area_assignment,cbs_2022_locality_geometry_display_only
K18,2008,municipality-fallback:2008:loc:478,loc:478,478,אכסאל,10,10,6755,2766,2718,48,no_ballot_has_a_supported_statistical_area_assignment,cbs_2022_locality_geometry_display_only
K18,2008,municipality-fallback:2008:loc:480,loc:480,480,בית ג'ן,10,10,6620,4710,4678,32,no_ballot_has_a_supported_statistical_area_assignment,cbs_2022_locality_geometry_display_only
K18,2008,municipality-fallback:2008:loc:481,loc:481,481,מגאר,20,20,11868,4365,4252,113,no_ballot_has_a_supported_statistical_area_assignment,cbs_2022_locality_geometry_display_only
K18,2008,municipality-fallback:2008:loc:498,loc:498,498,טורעאן,11,11,6779,3904,3843,61,no_ballot_has_a_supported_statistical_area_assignment,cbs_2022_locality_geometry_display_only
K18,2008,municipality-fallback:2008:loc:499,loc:499,499,יפיע,13,13,9724,4355,4274,81,no_ballot_has_a_supported_statistical_area_assignment,cbs_2022_locality_geometry_display_only
K18,2008,municipality-fallback:2008:loc:502,loc:502,502,ירכא,11,11,7742,5176,5062,114,no_ballot_has_a_supported_statistical_area_assignment,cbs_2022_locality_geometry_display_only
K18,2008,municipality-fallback:2008:loc:509,loc:509,509,כפר כנא,16,16,10269,5964,5897,67,no_ballot_has_a_supported_statistical_area_assignment,cbs_2022_locality_geometry_display_only
K18,2008,municipality-fallback:2008:loc:510,loc:510,510,כפר מנדא,12,12,8229,5607,5458,149,no_ballot_has_a_supported_statistical_area_assignment,cbs_2022_locality_geometry_display_only
K18,2008,municipality-fallback:2008:loc:522,loc:522,522,נחף,9,9,5869,4116,4093,23,no_ballot_has_a_supported_statistical_area_assignment,cbs_2022_locality_geometry_display_only
K18,2008,municipality-fallback:2008:loc:529,loc:529,529,אעבלין,10,10,6843,4309,4242,67,no_ballot_has_a_supported_statistical_area_assignment,cbs_2022_locality_geometry_display_only
K18,2008,municipality-fallback:2008:loc:531,loc:531,531,עראבה,19,19,11630,7728,7719,9,no_ballot_has_a_supported_statistical_area_assignment,cbs_2022_locality_geometry_display_only
K18,2008,municipality-fallback:2008:loc:532,loc:532,532,עין מאהל,10,10,6374,3562,3538,24,no_ballot_has_a_supported_statistical_area_assignment,cbs_2022_locality_geometry_display_only
K18,2008,municipality-fallback:2008:loc:537,loc:537,537,פוריידיס,9,9,6412,2524,2508,16,no_ballot_has_a_supported_statistical_area_assignment,cbs_2022_locality_geometry_display_only
K18,2008,municipality-fallback:2008:loc:541,loc:541,541,ג'סר א-זרקא,9,9,6453,1437,1418,19,no_ballot_has_a_supported_statistical_area_assignment,cbs_2022_locality_geometry_display_only
K18,2008,municipality-fallback:2008:loc:542,loc:542,542,ריינה,12,12,8594,3973,3898,75,no_ballot_has_a_supported_statistical_area_assignment,cbs_2022_locality_geometry_display_only
K18,2008,municipality-fallback:2008:loc:634,loc:634,634,כפר קאסם,15,15,10071,7397,7352,45,no_ballot_has_a_supported_statistical_area_assignment,cbs_2022_locality_geometry_display_only
K18,2008,municipality-fallback:2008:loc:637,loc:637,637,ערערה,16,16,9672,5429,5386,43,no_ballot_has_a_supported_statistical_area_assignment,cbs_2022_locality_geometry_display_only
K18,2008,municipality-fallback:2008:loc:638,loc:638,638,קלנסווה,14,14,9850,5776,5714,62,no_ballot_has_a_supported_statistical_area_assignment,cbs_2022_locality_geometry_display_only
K18,2008,municipality-fallback:2008:loc:654,loc:654,654,כפר קרע,14,14,9150,6363,6315,48,no_ballot_has_a_supported_statistical_area_assignment,cbs_2022_locality_geometry_display_only
K18,2008,municipality-fallback:2008:loc:7500,loc:7500,7500,סח'נין,24,24,15519,12763,12736,27,no_ballot_has_a_supported_statistical_area_assignment,cbs_2022_locality_geometry_display_only
K18,2008,municipality-fallback:2008:loc:8800,loc:8800,8800,שפרעם,32,32,21599,10509,10296,213,no_ballot_has_a_supported_statistical_area_assignment,cbs_2022_locality_geometry_display_only
K18,2008,municipality-fallback:2008:loc:8900,loc:8900,8900,טמרה,25,25,16498,9607,9540,67,no_ballot_has_a_supported_statistical_area_assignment,cbs_2022_locality_geometry_display_only
K17,1995,municipality-fallback:1995:loc:1137,loc:1137,1137,קריית יערים,2,2,1514,1062,1061,1,no_ballot_has_a_supported_statistical_area_assignment,cbs_2022_locality_geometry_display_only
K17,1995,municipality-fallback:1995:loc:1140,loc:1140,1140,מדרשת בן גוריון,1,1,546,395,394,1,no_ballot_has_a_supported_statistical_area_assignment,cbs_2022_locality_geometry_display_only
K17,1995,municipality-fallback:1995:loc:1167,loc:1167,1167,קיסריה,5,5,3022,1926,1914,12,no_ballot_has_a_supported_statistical_area_assignment,cbs_2022_locality_geometry_display_only
K17,1995,municipality-fallback:1995:loc:1195,loc:1195,1195,ניצנה (קהילת חינוך),1,1,341,153,151,2,no_ballot_has_a_supported_statistical_area_assignment,cbs_2022_locality_geometry_display_only
K17,1995,municipality-fallback:1995:loc:1243,loc:1243,1243,קציר,2,2,1532,1017,1005,12,no_ballot_has_a_supported_statistical_area_assignment,cbs_2022_locality_geometry_display_only
K17,1995,municipality-fallback:1995:loc:1287,loc:1287,1287,שני,1,1,345,171,169,2,no_ballot_has_a_supported_statistical_area_assignment,cbs_2022_locality_geometry_display_only
K17,1995,municipality-fallback:1995:loc:1292,loc:1292,1292,ג'דיידה-מכר,13,13,9829,4963,4850,113,no_ballot_has_a_supported_statistical_area_assignment,cbs_2022_locality_geometry_display_only
K17,1995,municipality-fallback:1995:loc:1311,loc:1311,1311,אבשלום,1,1,131,80,73,7,no_ballot_has_a_supported_statistical_area_assignment,cbs_2022_locality_geometry_display_only
K17,1995,municipality-fallback:1995:loc:1314,loc:1314,1314,נווה זיו,1,1,268,197,197,0,no_ballot_has_a_supported_statistical_area_assignment,cbs_2022_locality_geometry_display_only
K17,1995,municipality-fallback:1995:loc:1315,loc:1315,1315,מתן,3,3,1677,1336,1328,8,no_ballot_has_a_supported_statistical_area_assignment,cbs_2022_locality_geometry_display_only
K17,1995,municipality-fallback:1995:loc:1317,loc:1317,1317,דמיידה,1,1,185,128,119,9,no_ballot_has_a_supported_statistical_area_assignment,cbs_2022_locality_geometry_display_only
K17,1995,municipality-fallback:1995:loc:1319,loc:1319,1319,בת חפר,4,4,2893,2108,2095,13,no_ballot_has_a_supported_statistical_area_assignment,cbs_2022_locality_geometry_display_only
K17,1995,municipality-fallback:1995:loc:1321,loc:1321,1321,ח'ואלד,1,1,183,120,109,11,no_ballot_has_a_supported_statistical_area_assignment,cbs_2022_locality_geometry_display_only
K17,1995,municipality-fallback:1995:loc:1323,loc:1323,1323,בת הדר,1,1,214,139,137,2,no_ballot_has_a_supported_statistical_area_assignment,cbs_2022_locality_geometry_display_only
K17,1995,municipality-fallback:1995:loc:1326,loc:1326,1326,"בסמ""ה",6,6,4013,1834,1743,91,no_ballot_has_a_supported_statistical_area_assignment,cbs_2022_locality_geometry_display_only
K17,1995,municipality-fallback:1995:loc:1330,loc:1330,1330,אחוזת ברק,1,1,718,510,504,6,no_ballot_has_a_supported_statistical_area_assignment,cbs_2022_locality_geometry_display_only
K17,1995,municipality-fallback:1995:loc:1331,loc:1331,1331,כמאנה,2,1,703,433,425,8,no_ballot_has_a_supported_statistical_area_assignment,cbs_2022_locality_geometry_display_only
K17,1995,municipality-fallback:1995:loc:1332,loc:1332,1332,חוסנייה,1,1,283,118,112,6,no_ballot_has_a_supported_statistical_area_assignment,cbs_2022_locality_geometry_display_only
K17,1995,municipality-fallback:1995:loc:1333,loc:1333,1333,נוף איילון,2,2,1027,922,919,3,no_ballot_has_a_supported_statistical_area_assignment,cbs_2022_locality_geometry_display_only
K17,1995,municipality-fallback:1995:loc:1334,loc:1334,1334,ראס אל-עין,1,1,135,82,80,2,no_ballot_has_a_supported_statistical_area_assignment,cbs_2022_locality_geometry_display_only
K17,1995,municipality-fallback:1995:loc:1337,loc:1337,1337,שמשית,2,2,1072,899,898,1,no_ballot_has_a_supported_statistical_area_assignment,cbs_2022_locality_geometry_display_only
K17,1995,municipality-fallback:1995:loc:1347,loc:1347,1347,קצר א-סר,1,1,265,147,144,3,no_ballot_has_a_supported_statistical_area_assignment,cbs_2022_locality_geometry_display_only
K17,1995,municipality-fallback:1995:loc:1349,loc:1349,1349,דריג'את,1,1,231,201,192,9,no_ballot_has_a_supported_statistical_area_assignment,cbs_2022_locality_geometry_display_only
K17,1995,municipality-fallback:1995:loc:1358,loc:1358,1358,אום בטין,1,1,173,117,114,3,no_ballot_has_a_supported_statistical_area_assignment,cbs_2022_locality_geometry_display_only
K17,1995,municipality-fallback:1995:loc:2021,loc:2021,2021,אשל הנשיא,1,1,99,68,66,2,no_ballot_has_a_supported_statistical_area_assignment,cbs_2022_locality_geometry_display_only
K17,1995,municipality-fallback:1995:loc:22,loc:22,22,מקווה ישראל,1,1,179,130,128,2,no_ballot_has_a_supported_statistical_area_assignment,cbs_2022_locality_geometry_display_only
K17,1995,municipality-fallback:1995:loc:2720,loc:2720,2720,טירה,18,18,12472,7235,7117,118,no_ballot_has_a_supported_statistical_area_assignment,cbs_2022_locality_geometry_display_only
K17,1995,municipality-fallback:1995:loc:2730,loc:2730,2730,טייבה,31,31,19161,12021,11824,197,no_ballot_has_a_supported_statistical_area_assignment,cbs_2022_locality_geometry_display_only
K17,1995,municipality-fallback:1995:loc:338,loc:338,338,איבים,1,1,224,69,66,3,no_ballot_has_a_supported_statistical_area_assignment,cbs_2022_locality_geometry_display_only
K17,1995,municipality-fallback:1995:loc:3777,loc:3777,3777,סנסנה,1,1,90,80,79,1,no_ballot_has_a_supported_statistical_area_assignment,cbs_2022_locality_geometry_display_only
K17,1995,municipality-fallback:1995:loc:3795,loc:3795,3795,רבבה,1,1,292,278,278,0,no_ballot_has_a_supported_statistical_area_assignment,cbs_2022_locality_geometry_display_only
K17,1995,municipality-fallback:1995:loc:3796,loc:3796,3796,כפר האורנים,2,2,918,776,775,1,no_ballot_has_a_supported_statistical_area_assignment,cbs_2022_locality_geometry_display_only
K17,1995,municipality-fallback:1995:loc:4028,loc:4028,4028,כנף,1,1,138,107,106,1,no_ballot_has_a_supported_statistical_area_assignment,cbs_2022_locality_geometry_display_only
K17,1995,municipality-fallback:1995:loc:427,loc:427,427,כפר גלים,1,1,83,59,59,0,no_ballot_has_a_supported_statistical_area_assignment,cbs_2022_locality_geometry_display_only
K17,1995,municipality-fallback:1995:loc:481,loc:481,481,מגאר,16,16,10926,5041,4936,105,no_ballot_has_a_supported_statistical_area_assignment,cbs_2022_locality_geometry_display_only
K17,1995,municipality-fallback:1995:loc:499,loc:499,499,יפיע,13,13,8940,3998,3890,108,no_ballot_has_a_supported_statistical_area_assignment,cbs_2022_locality_geometry_display_only
K17,1995,municipality-fallback:1995:loc:509,loc:509,509,כפר כנא,13,13,9318,6055,5866,189,no_ballot_has_a_supported_statistical_area_assignment,cbs_2022_locality_geometry_display_only
K17,1995,municipality-fallback:1995:loc:510,loc:510,510,כפר מנדא,10,10,7431,5506,5288,218,no_ballot_has_a_supported_statistical_area_assignment,cbs_2022_locality_geometry_display_only
K17,1995,municipality-fallback:1995:loc:531,loc:531,531,עראבה,15,15,10636,6649,6634,15,no_ballot_has_a_supported_statistical_area_assignment,cbs_2022_locality_geometry_display_only
K17,1995,municipality-fallback:1995:loc:542,loc:542,542,ריינה,10,10,7620,3933,3824,109,no_ballot_has_a_supported_statistical_area_assignment,cbs_2022_locality_geometry_display_only
K17,1995,municipality-fallback:1995:loc:634,loc:634,634,כפר קאסם,13,13,9022,7693,7618,75,no_ballot_has_a_supported_statistical_area_assignment,cbs_2022_locality_geometry_display_only
K17,1995,municipality-fallback:1995:loc:637,loc:637,637,ערערה,13,13,8914,4580,4514,66,no_ballot_has_a_supported_statistical_area_assignment,cbs_2022_locality_geometry_display_only
K17,1995,municipality-fallback:1995:loc:638,loc:638,638,קלנסווה,11,11,8950,5553,5453,100,no_ballot_has_a_supported_statistical_area_assignment,cbs_2022_locality_geometry_display_only
K17,1995,municipality-fallback:1995:loc:654,loc:654,654,כפר קרע,13,13,8398,5445,5365,80,no_ballot_has_a_supported_statistical_area_assignment,cbs_2022_locality_geometry_display_only
K17,1995,municipality-fallback:1995:loc:7500,loc:7500,7500,סח'נין,20,20,14413,10598,10492,106,no_ballot_has_a_supported_statistical_area_assignment,cbs_2022_locality_geometry_display_only
K17,1995,municipality-fallback:1995:loc:8800,loc:8800,8800,שפרעם,26,26,19978,11626,11417,209,no_ballot_has_a_supported_statistical_area_assignment,cbs_2022_locality_geometry_display_only
K17,1995,municipality-fallback:1995:loc:8900,loc:8900,8900,טמרה,24,24,15119,9385,9262,123,no_ballot_has_a_supported_statistical_area_assignment,cbs_2022_locality_geometry_display_only
K17,1995,municipality-fallback:1995:loc:926,loc:926,926,נווה אבות,1,1,115,10,10,0,no_ballot_has_a_supported_statistical_area_assignment,cbs_2022_locality_geometry_display_only
K17,1995,municipality-fallback:1995:loc:942,loc:942,942,סואעד (חמרייה)*,1,1,93,33,32,1,no_ballot_has_a_supported_statistical_area_assignment,cbs_2022_locality_geometry_display_only
K17,1995,municipality-fallback:1995:loc:990,loc:990,990,ראס עלי,1,1,246,196,0,196,no_ballot_has_a_supported_statistical_area_assignment,cbs_2022_locality_geometry_display_only
